2012,2011,2010,2009,2008,2007,2006,2005
TOTAL,Enero ,Febrero ,Marzo ,Abril ,Mayo ,Junio ,Julio ,Agosto ,Septiembre ,Octubre ,Noviembre ,Diciembre ,Enero ,Febrero ,Marzo ,Abril ,Mayo ,Junio ,Julio ,Agosto ,Septiembre ,Octubre ,Noviembre ,Diciembre ,Enero ,Febrero ,Marzo ,Abril ,Mayo ,Junio ,Julio ,Agosto ,Septiembre ,Octubre ,Noviembre ,Diciembre ,Enero ,Febrero ,Marzo ,Abril ,Mayo ,Junio ,Julio ,Agosto ,Septiembre ,Octubre ,Noviembre ,Diciembre ,Enero ,Febrero ,Marzo ,Abril ,Mayo ,Junio ,Julio ,Agosto ,Septiembre ,Octubre ,Noviembre ,Diciembre ,Enero ,Febrero ,Marzo ,Abril ,Mayo ,Junio ,Julio ,Agosto ,Septiembre ,Octubre ,Noviembre ,Diciembre ,Enero ,Febrero ,Marzo ,Abril ,Mayo ,Junio ,Julio ,Agosto ,Septiembre ,Octubre ,Noviembre ,Diciembre ,Enero ,Febrero ,Marzo ,Abril ,Mayo ,Junio ,Julio ,Agosto ,Septiembre ,Octubre ,Noviembre ,Diciembre 
TOTAL ,20636686 ,507632 ,385531 ,298686 ,267203 ,207507 ,183489 ,249306 ,238860 ,227311 ,0 ,0 ,0 ,448920 ,305122 ,289927 ,220984 ,180771 ,163308 ,211534 ,188207 ,204694 ,238758 ,272328 ,345239 ,462156 ,300072 ,193222 ,175289 ,161150 ,135170 ,186184 ,179502 ,185018 ,224532 ,249835 ,313877 ,450907 ,313572 ,246114 ,214434 ,149819 ,133688 ,162609 ,153133 ,165739 ,201766 ,233484 ,324648 ,398936 ,300583 ,277651 ,176821 ,133338 ,133325 ,192750 ,168374 ,172547 ,198016 ,224186 ,322132 ,357342 ,261183 ,233631 ,184890 ,136594 ,128785 ,178057 ,158445 ,162769 ,194175 ,231530 ,279355 ,323412 ,239471 ,209440 ,166160 ,128619 ,112312 ,147570 ,140215 ,147807 ,171556 ,201893 ,264497 ,276763 ,209615 ,197088 ,138028 ,108066 ,92802 ,142774 ,140880 ,135013 ,158347 ,189327 ,238379 
AMERICA ,16736124 ,427158 ,321875 ,240774 ,231008 ,182454 ,161242 ,223834 ,211482 ,199374 ,0 ,0 ,0 ,372896 ,241494 ,239531 ,187792 ,156611 ,143849 ,188869 ,164007 ,179950 ,201784 ,211774 ,283474 ,384017 ,236870 ,147135 ,145211 ,139750 ,118018 ,163242 ,155043 ,160140 ,188953 ,191695 ,252712 ,374596 ,254134 ,191953 ,180258 ,128441 ,114659 ,138118 ,127351 ,140696 ,166854 ,175548 ,259289 ,321695 ,226508 ,215246 ,141572 ,111826 ,113211 ,165445 ,138115 ,145529 ,160246 ,162464 ,252580 ,283719 ,197326 ,175802 ,150065 ,113646 ,107993 ,149745 ,128394 ,134522 ,152984 ,163783 ,209813 ,256000 ,176622 ,155259 ,134131 ,105675 ,91835 ,122462 ,112971 ,121251 ,133401 ,142096 ,202896 ,212024 ,157949 ,150544 ,106733 ,86898 ,74583 ,116813 ,114773 ,109479 ,120399 ,128812 ,174374 
AMERICA SUR ,14467127 ,383000 ,287373 ,206009 ,212252 ,167655 ,147211 ,208338 ,195849 ,185335 ,0 ,0 ,0 ,327378 ,207383 ,211338 ,169354 ,142418 ,130565 ,173735 ,149836 ,165414 ,182289 ,185227 ,251747 ,337343 ,205034 ,121813 ,127916 ,126307 ,105930 ,149753 ,140532 ,145629 ,169879 ,164814 ,216637 ,328469 ,212470 ,153005 ,158524 ,115210 ,102635 ,123990 ,113351 ,126796 ,148873 ,146748 ,216207 ,276065 ,180869 ,166924 ,119567 ,100087 ,99760 ,150380 ,122745 ,130880 ,140826 ,135613 ,209150 ,243220 ,160679 ,131565 ,130792 ,99252 ,94178 ,131801 ,110446 ,118406 ,132270 ,129351 ,169129 ,212842 ,138274 ,113457 ,114718 ,91890 ,79596 ,106908 ,96807 ,107094 ,114553 ,115915 ,161605 ,174483 ,120283 ,121071 ,88083 ,74688 ,62417 ,101507 ,99925 ,96163 ,102872 ,103690 ,136760 
ARGENTINA ,7086685 , 252697 , 186793 , 102127 , 117229 , 72540 , 48577 , 83441 , 83577 , 87456 ,  ,  ,  , 201660 , 125831 , 111862 , 82534 , 57443 , 40904 , 56421 , 51766 , 70147 , 87952 , 94719 , 140133 , 221367 , 127068 , 54846 , 63102 , 59209 , 37414 , 56410 , 56981 , 62517 , 80843 , 77235 , 110078 , 226140 , 134577 , 77839 , 85040 , 49908 , 30342 , 47351 , 44346 , 53738 , 70835 , 67883 , 115127 , 171141 , 102608 , 89814 , 49787 , 36840 , 31406 , 49145 , 42161 , 51542 , 64777 , 65428 , 114350 , 150341 , 92104 , 62444 , 64516 , 39679 , 29922 , 39903 , 37590 , 46611 , 57612 , 57437 , 82549 , 125037 , 75980 , 54665 , 58953 , 37489 , 26736 , 34811 , 35418 , 47945 , 50768 , 53769 , 82835 , 109474 , 72620 , 64191 , 40222 , 31642 , 22749 , 41098 , 32379 , 36527 , 45647 , 45276 , 64742 
BOLIVIA ,2186796 , 37873 , 25957 , 27508 , 24870 , 26870 , 27831 , 33542 , 29284 , 26446 ,  ,  ,  , 40621 , 22458 , 26435 , 23177 , 26544 , 25446 , 26805 , 22869 , 22289 , 24202 , 24653 , 35991 , 37057 , 22300 , 23188 , 20991 , 23518 , 24247 , 26490 , 22213 , 22720 , 24330 , 26567 , 33883 , 31933 , 22939 , 24693 , 22499 , 22027 , 24830 , 26388 , 22604 , 24451 , 25912 , 24520 , 36649 , 32778 , 23928 , 24229 , 22824 , 22660 , 26070 , 29557 , 22847 , 23391 , 24652 , 23160 , 31806 , 29869 , 19546 , 20731 , 19410 , 19321 , 20333 , 25751 , 22039 , 21034 , 22585 , 22357 , 28958 , 27483 , 16772 , 15556 , 16359 , 16076 , 17550 , 22162 , 18544 , 16451 , 18566 , 19742 , 25801 , 14993 , 10251 , 12335 , 12235 , 9971 , 9146 , 13280 , 17243 , 18298 , 15014 , 19171 , 25341 
BRASIL ,1911768 , 38791 , 27047 , 23294 , 25439 , 27438 , 35206 , 49311 , 40021 , 30004 ,  ,  ,  , 32803 , 16083 , 25198 , 21080 , 18429 , 26150 , 49691 , 34312 , 31333 , 24858 , 20307 , 28030 , 32567 , 18302 , 6815 , 9154 , 9556 , 13222 , 30572 , 22287 , 22964 , 23239 , 18109 , 26857 , 28041 , 18335 , 13527 , 17707 , 14761 , 20265 , 19440 , 12460 , 15004 , 16864 , 16493 , 23904 , 32954 , 19890 , 15912 , 15978 , 14712 , 17072 , 40478 , 25647 , 23650 , 18331 , 13702 , 22754 , 23230 , 15467 , 12163 , 13950 , 11435 , 17204 , 36787 , 21552 , 20756 , 18501 , 17041 , 20693 , 20300 , 13075 , 11541 , 11643 , 11175 , 12969 , 22397 , 15779 , 15865 , 15313 , 12520 , 16771 , 16875 , 11179 , 10663 , 10926 , 11127 , 11322 , 23774 , 13391 , 17174 , 15612 , 11110 , 14138 
COLOMBIA ,397207 , 8422 , 4978 , 8780 , 6717 , 5268 , 5824 , 5558 , 5429 , 6556 ,  ,  ,  , 6673 , 3814 , 5819 , 5287 , 4264 , 4937 , 5168 , 4645 , 4933 , 6502 , 7266 , 8920 , 6526 , 2793 , 3620 , 3251 , 3198 , 3209 , 3655 , 3770 , 4119 , 5276 , 5727 , 8231 , 6243 , 2927 , 3677 , 3609 , 2803 , 3595 , 3176 , 3519 , 3369 , 4515 , 4715 , 6790 , 5890 , 3013 , 4451 , 3150 , 2350 , 3215 , 3470 , 3001 , 3475 , 4197 , 4767 , 6321 , 5534 , 2597 , 3624 , 3062 , 2666 , 3176 , 3641 , 2896 , 3118 , 4580 , 4822 , 6889 , 5572 , 2398 , 3477 , 2883 , 2552 , 2577 , 3013 , 2586 , 2945 , 3485 , 4107 , 5894 , 4146 , 1817 , 3214 , 2024 , 1978 , 1807 , 2197 , 1940 , 2346 , 3312 , 3705 , 5254 
ECUADOR ,190777 , 2127 , 2692 , 3466 , 2383 , 2028 , 1573 , 2006 , 2382 , 2265 ,  ,  ,  , 2117 , 2298 , 2771 , 2362 , 1789 , 1789 , 2111 , 2173 , 2377 , 2727 , 2562 , 2866 , 2114 , 2364 , 2090 , 1766 , 1622 , 1263 , 1623 , 1861 , 2168 , 2232 , 2292 , 2305 , 1984 , 2009 , 2385 , 1764 , 1772 , 1456 , 1455 , 1844 , 1731 , 2630 , 2056 , 2159 , 1850 , 2001 , 2620 , 1662 , 1437 , 1386 , 1661 , 1953 , 2012 , 2194 , 2257 , 2137 , 1787 , 1951 , 2159 , 2170 , 1474 , 1360 , 1626 , 2037 , 2159 , 2352 , 2409 , 2207 , 2608 , 2149 , 2453 , 1747 , 2154 , 1103 , 1681 , 2268 , 1926 , 2209 , 2044 , 2010 , 2078 , 2177 , 2794 , 1659 , 1255 , 1122 , 1531 , 2126 , 2094 , 2780 , 2033 , 2106 
GUYANA ,232 , 2 , 1 , 3 , 4 , 2 , 0 , 0 , 3 , 3 ,  ,  ,  , 3 , 0 , 0 , 1 , 1 , 3 , 3 , 0 , 7 , 6 , 4 , 1 , 2 , 3 , 1 , 4 , 2 , 1 , 1 , 3 , 0 , 4 , 4 , 0 , 1 , 3 , 2 , 1 , 6 , 1 , 4 , 0 , 4 , 3 , 3 , 0 , 3 , 6 , 3 , 4 , 1 , 3 , 0 , 0 , 1 , 2 , 10 , 1 , 2 , 4 , 3 , 2 , 0 , 9 , 0 , 2 , 1 , 2 , 17 , 2 , 1 , 6 , 4 , 1 , 1 , 0 , 0 , 2 , 2 , 1 , 4 , 2 , 4 , 6 , 8 , 2 , 2 , 1 , 2 , 1 , 0 , 0 , 1 , 3 
OTROS PAISES AM. SUR ,9 , 2 , 0 , 0 , 0 , 0 , 1 , 2 , 1 , 0 ,  ,  ,  ,  ,  ,  ,  ,  ,  ,  ,  ,  ,  ,  ,  , 0 , 0 , 0 , 0 , 0 , 0 , 2 , 0 , 0 , 0 , 1 , 0 ,  ,  ,  ,  ,  ,  ,  ,  ,  ,  ,  ,  ,  ,  ,  ,  ,  ,  ,  ,  ,  ,  ,  ,  ,  ,  ,  ,  ,  ,  ,  ,  ,  ,  ,  ,  ,  ,  ,  ,  ,  ,  ,  ,  ,  ,  ,  ,  ,  ,  ,  ,  ,  ,  ,  ,  ,  ,  ,  ,  
PARAGUAY ,169396 , 3482 , 2773 , 2718 , 2137 , 2650 , 1807 , 2060 , 1838 , 2191 ,  ,  ,  , 3727 , 2885 , 2689 , 2345 , 2521 , 1512 , 1664 , 2630 , 2844 , 2605 , 3081 , 1569 , 3377 , 2506 , 1969 , 2130 , 1876 , 1891 , 2015 , 2301 , 2595 , 2772 , 2642 , 2216 , 2878 , 1889 , 1711 , 1527 , 1664 , 1258 , 1516 , 1930 , 1873 , 2061 , 2396 , 1688 , 2875 , 2060 , 1907 , 1990 , 1283 , 1743 , 2003 , 1998 , 2250 , 1882 , 1537 , 1348 , 2156 , 1239 , 1513 , 1533 , 1347 , 1123 , 1290 , 1393 , 1626 , 1691 , 1933 , 1351 , 1571 , 942 , 925 , 886 , 895 , 760 , 971 , 826 , 1088 , 1158 , 1278 , 1119 , 2648 , 709 , 1610 , 1525 , 971 , 687 , 1127 , 603 , 879 , 919 , 1016 , 803 
PERU ,2139851 , 34229 , 33388 , 32301 , 27530 , 26816 , 22974 , 27895 , 28160 , 24952 ,  ,  ,  , 34668 , 30440 , 31635 , 26026 , 27055 , 25691 , 27442 , 26519 , 26109 , 27731 , 27339 , 28365 , 29025 , 26597 , 25885 , 24306 , 24516 , 21822 , 25861 , 26544 , 23678 , 26145 , 26864 , 27634 , 26635 , 26569 , 24956 , 20614 , 19264 , 18065 , 21321 , 22164 , 21186 , 21594 , 23466 , 23835 , 24053 , 24275 , 22946 , 20616 , 18431 , 16024 , 20295 , 20408 , 19573 , 20539 , 20701 , 24712 , 26337 , 24623 , 25247 , 21671 , 20383 , 18068 , 19488 , 18602 , 18652 , 19723 , 18967 , 20865 , 26018 , 24261 , 21406 , 17807 , 18557 , 15609 , 18809 , 17858 , 16902 , 18991 , 18673 , 22566 , 20831 , 18979 , 21375 , 16580 , 15065 , 13390 , 15622 , 28872 , 15319 , 16457 , 18339 , 20555 
SURINAME ,398 , 1 , 1 , 0 , 4 , 8 , 3 , 10 , 3 , 5 ,  ,  ,  , 2 , 10 , 2 , 5 , 2 , 2 , 0 , 1 , 2 , 11 , 6 , 4 , 0 , 3 , 0 , 1 , 0 , 0 , 1 , 0 , 0 , 6 , 3 , 2 , 0 , 0 , 34 , 4 , 9 , 0 , 1 , 6 , 2 , 3 , 7 , 4 , 4 , 1 , 4 , 5 , 3 , 3 , 2 , 6 , 2 , 5 , 10 , 2 , 6 , 6 , 16 , 20 , 4 , 2 , 1 , 1 , 19 , 6 , 7 , 1 , 5 , 1 , 10 , 5 , 2 , 2 , 7 , 4 , 11 , 0 , 15 , 3 , 0 , 3 , 6 , 2 , 2 , 0 , 1 , 7 , 0 , 0 , 0 , 8 
URUGUAY ,232688 , 3236 , 2313 , 3676 , 4152 , 2671 , 2264 , 2887 , 2365 , 2923 ,  ,  ,  , 3345 , 2386 , 3038 , 4410 , 3136 , 2584 , 2897 , 2470 , 3282 , 3699 , 3192 , 2572 , 3321 , 2082 , 2330 , 2135 , 1948 , 2093 , 2153 , 2616 , 3130 , 3191 , 3221 , 2704 , 2590 , 2050 , 2799 , 4149 , 1842 , 1869 , 2052 , 2026 , 2893 , 2432 , 3289 , 2341 , 2735 , 1906 , 3260 , 2166 , 1570 , 1823 , 2348 , 1946 , 2629 , 2450 , 2272 , 2191 , 2596 , 2217 , 2326 , 3045 , 1841 , 2038 , 2248 , 1968 , 2485 , 3272 , 2446 , 2536 , 2572 , 1852 , 2233 , 3454 , 1938 , 1665 , 2081 , 1742 , 2283 , 2545 , 2213 , 2088 , 2316 , 1791 , 3521 , 2117 , 1904 , 1405 , 2094 , 1698 , 2251 , 1937 , 1973 , 1947 
VENEZUELA ,151320 , 2138 , 1430 , 2136 , 1787 , 1364 , 1151 , 1626 , 2786 , 2534 ,  ,  ,  , 1759 , 1178 , 1889 , 2127 , 1234 , 1547 , 1533 , 2451 , 2091 , 1996 , 2098 , 3296 , 1987 , 1016 , 1069 , 1076 , 862 , 768 , 970 , 1956 , 1738 , 1841 , 2149 , 2727 , 2024 , 1172 , 1382 , 1610 , 1154 , 954 , 1286 , 2452 , 2545 , 2024 , 1920 , 3710 , 1782 , 1181 , 1778 , 1385 , 800 , 1015 , 1421 , 2778 , 2355 , 1797 , 1769 , 3528 , 1362 , 925 , 1339 , 1413 , 1102 , 943 , 1066 , 2366 , 1945 , 1946 , 1915 , 3078 , 1675 , 838 , 1187 , 980 , 1051 , 625 , 976 , 1780 , 1676 , 1517 , 1550 , 2516 , 1118 , 751 , 1354 , 791 , 771 , 788 , 781 , 1665 , 1275 , 1194 , 1066 , 1863 
AMERICA NORTE ,2106096 ,41553 ,32609 ,31930 ,16489 ,13075 ,12441 ,13842 ,13872 ,12473 ,0 ,0 ,0 ,43554 ,32518 ,26059 ,16620 ,12933 ,11983 ,13737 ,12767 ,12528 ,16993 ,24230 ,29386 ,44530 ,30680 ,23971 ,15844 ,12195 ,10889 ,12446 ,13256 ,12744 ,17087 ,24604 ,34040 ,44158 ,40512 ,37294 ,20250 ,11901 ,10816 ,13019 ,12627 ,12296 ,15860 ,26818 ,41312 ,43849 ,44016 ,46418 ,20671 ,10642 ,12129 ,13845 ,14033 ,12925 ,17349 ,24488 ,41313 ,38267 ,34926 ,40209 ,17613 ,12487 ,12366 ,15982 ,16068 ,14175 ,18309 ,31304 ,38650 ,40952 ,36217 ,39946 ,17926 ,12411 ,11306 ,14237 ,14346 ,12553 ,16848 ,24150 ,38653 ,35689 ,36249 ,27887 ,17164 ,11032 ,11178 ,14260 ,13566 ,12137 ,15806 ,23177 ,35631 
CANADA ,325697 , 8771 , 7216 , 5980 , 2299 , 1737 , 1228 , 1405 , 1667 , 1530 ,  ,  ,  , 8906 , 6833 , 4195 , 2371 , 1753 , 1305 , 1518 , 1725 , 1735 , 2176 , 3758 , 4709 , 8266 , 6521 , 4038 , 2289 , 1592 , 1148 , 1362 , 1662 , 1905 , 2256 , 3895 , 5861 , 8344 , 7731 , 6710 , 2798 , 1528 , 1292 , 1576 , 1794 , 1646 , 1988 , 4384 , 6986 , 7202 , 7989 , 7825 , 3195 , 1414 , 1160 , 1594 , 1988 , 1738 , 3381 , 3930 , 6918 , 7022 , 6216 , 6843 , 2105 , 1453 , 1212 , 1728 , 2373 , 1966 , 2552 , 4957 , 5689 , 6863 , 6161 , 5681 , 2123 , 1411 , 1077 , 1450 , 1894 , 1544 , 1871 , 3311 , 5854 , 5222 , 5609 , 3502 , 2230 , 1343 , 967 , 1310 , 1685 , 1525 , 1906 , 3148 , 5171 
EEUU ,1499369 , 28346 , 22824 , 22502 , 11259 , 8779 , 8905 , 9299 , 9443 , 8623 ,  ,  ,  , 31170 , 23508 , 18823 , 11226 , 8854 , 8373 , 8824 , 8553 , 8259 , 11491 , 16807 , 20545 , 32777 , 22235 , 17957 , 11407 , 8800 , 8009 , 8797 , 9223 , 8611 , 11626 , 17184 , 23589 , 32528 , 30880 , 27837 , 14829 , 8915 , 7841 , 9200 , 8724 , 8585 , 11230 , 19200 , 28797 , 33046 , 33124 , 33703 , 14844 , 7502 , 8769 , 9181 , 9620 , 8924 , 11235 , 17468 , 28864 , 27707 , 25903 , 29626 , 12246 , 8657 , 8958 , 10661 , 11028 , 9538 , 12333 , 21533 , 26348 , 30014 , 27245 , 30979 , 12390 , 8569 , 8371 , 9447 , 9793 , 8458 , 11303 , 17134 , 25821 , 27431 , 28068 , 20966 , 12542 , 7514 , 8065 , 9609 , 9431 , 8325 , 10553 , 16340 , 24989 
MEXICO ,280925 , 4434 , 2568 , 3447 , 2930 , 2559 , 2308 , 3138 , 2761 , 2320 ,  ,  ,  , 3474 , 2175 , 3037 , 3023 , 2325 , 2304 , 3395 , 2486 , 2534 , 3326 , 3664 , 4132 , 3487 , 1924 , 1976 , 2144 , 1802 , 1732 , 2287 , 2368 , 2227 , 3204 , 3523 , 4587 , 3285 , 1900 , 2745 , 2618 , 1458 , 1683 , 2242 , 2107 , 2062 , 2639 , 3230 , 5526 , 3590 , 2896 , 4879 , 2629 , 1726 , 2200 , 3068 , 2425 , 2262 , 2731 , 3089 , 5526 , 3538 , 2807 , 3740 , 3262 , 2377 , 2196 , 3593 , 2667 , 2671 , 3424 , 4814 , 6613 , 4075 , 2811 , 3286 , 3413 , 2431 , 1858 , 3340 , 2659 , 2551 , 3674 , 3705 , 6978 , 3036 , 2572 , 3419 , 2392 , 2175 , 2146 , 3341 , 2450 , 2287 , 3347 , 3689 , 5471 
OTROS PAISES AM NORTE ,105 , 2 , 1 , 1 , 1 , 0 , 0 , 0 , 1 , 0 ,  ,  ,  , 4 , 2 , 4 , 0 , 1 , 1 , 0 , 3 , 0 , 0 , 1 , 0 , 0 , 0 , 0 , 4 , 1 , 0 , 0 , 3 , 1 , 1 , 2 , 3 , 1 , 1 , 2 , 5 , 0 , 0 , 1 , 2 , 3 , 3 , 4 , 3 , 11 , 7 , 11 , 3 , 0 , 0 , 2 , 0 , 1 , 2 , 1 , 5 ,  ,  ,  ,  ,  ,  ,  ,  ,  ,  ,  ,  ,  ,  ,  ,  ,  ,  ,  ,  ,  ,  ,  ,  ,  ,  ,  ,  ,  ,  ,  ,  ,  ,  ,  ,  
AMERICA CENTRAL ,110045 ,1650 ,993 ,1756 ,1297 ,1139 ,976 ,1054 ,998 ,1179 ,0 ,0 ,0 ,1344 ,849 ,1208 ,1217 ,818 ,801 ,931 ,855 ,1279 ,1612 ,1501 ,1409 ,1489 ,790 ,865 ,927 ,821 ,801 ,675 ,760 ,1255 ,1324 ,1536 ,1313 ,1437 ,824 ,1101 ,994 ,880 ,857 ,749 ,919 ,1118 ,1482 ,1381 ,1201 ,1373 ,1184 ,1305 ,884 ,751 ,1019 ,829 ,909 ,1330 ,1505 ,1756 ,1492 ,1510 ,1265 ,1743 ,1253 ,1145 ,973 ,1510 ,1493 ,1566 ,1803 ,2118 ,1530 ,1708 ,1602 ,1202 ,945 ,969 ,686 ,874 ,1323 ,1205 ,1457 ,1432 ,1984 ,1374 ,909 ,1186 ,1108 ,832 ,732 ,716 ,773 ,817 ,1056 ,1243 ,1301 
BELICE ,748 , 10 , 6 , 10 , 5 , 4 , 4 , 6 , 2 , 7 ,  ,  ,  , 3 , 2 , 1 , 9 , 4 , 6 , 4 , 2 , 4 , 6 , 4 , 4 , 1 , 3 , 1 , 7 , 1 , 4 , 2 , 2 , 3 , 8 , 4 , 3 , 3 , 6 , 8 , 2 , 2 , 0 , 4 , 2 , 6 , 23 , 4 , 4 , 2 , 17 , 4 , 3 , 7 , 2 , 8 , 1 , 4 , 6 , 4 , 5 , 10 , 16 , 47 , 32 , 7 , 5 , 3 , 3 , 3 , 3 , 10 , 9 , 16 , 0 , 7 , 3 , 1 , 2 , 21 , 3 , 123 , 9 , 11 , 3 , 70 , 6 , 1 , 3 , 8 , 2 , 8 , 1 , 6 , 8 , 2 , 17 
COSTA RICA ,35720 , 858 , 373 , 670 , 451 , 404 , 238 , 389 , 322 , 394 ,  ,  ,  , 700 , 370 , 403 , 455 , 264 , 213 , 342 , 286 , 398 , 541 , 453 , 575 , 741 , 253 , 364 , 247 , 223 , 205 , 179 , 229 , 413 , 450 , 448 , 531 , 604 , 240 , 308 , 341 , 298 , 247 , 238 , 235 , 415 , 445 , 408 , 439 , 492 , 386 , 481 , 285 , 246 , 249 , 244 , 287 , 464 , 469 , 519 , 514 , 626 , 485 , 690 , 400 , 362 , 210 , 425 , 483 , 502 , 621 , 645 , 566 , 458 , 382 , 323 , 293 , 234 , 165 , 187 , 213 , 344 , 501 , 368 , 468 , 481 , 312 , 319 , 309 , 228 , 121 , 184 , 171 , 262 , 347 , 347 , 452 
EL SALVADOR ,14142 , 123 , 91 , 203 , 124 , 141 , 152 , 133 , 114 , 176 ,  ,  ,  , 89 , 71 , 159 , 170 , 80 , 112 , 139 , 109 , 175 , 293 , 199 , 126 , 123 , 109 , 80 , 128 , 109 , 103 , 94 , 102 , 191 , 167 , 218 , 157 , 123 , 107 , 145 , 155 , 115 , 126 , 88 , 122 , 135 , 227 , 251 , 159 , 217 , 140 , 148 , 125 , 86 , 136 , 121 , 128 , 169 , 279 , 200 , 144 , 134 , 97 , 154 , 178 , 113 , 114 , 158 , 164 , 121 , 151 , 280 , 146 , 222 , 641 , 205 , 122 , 149 , 73 , 116 , 124 , 200 , 213 , 171 , 155 , 151 , 148 , 157 , 147 , 110 , 149 , 148 , 132 , 74 , 135 , 172 , 212 
GUATEMALA ,17015 , 199 , 127 , 244 , 246 , 188 , 178 , 149 , 164 , 169 ,  ,  ,  , 133 , 131 , 191 , 159 , 113 , 149 , 168 , 125 , 209 , 269 , 270 , 267 , 143 , 127 , 92 , 190 , 160 , 148 , 123 , 113 , 207 , 183 , 302 , 219 , 229 , 131 , 185 , 137 , 143 , 190 , 110 , 145 , 168 , 245 , 289 , 212 , 153 , 191 , 163 , 125 , 138 , 215 , 113 , 135 , 208 , 266 , 372 , 313 , 153 , 167 , 229 , 167 , 204 , 114 , 156 , 124 , 157 , 208 , 251 , 241 , 409 , 149 , 172 , 159 , 156 , 104 , 133 , 148 , 134 , 190 , 368 , 215 , 168 , 129 , 157 , 227 , 181 , 123 , 122 , 143 , 136 , 172 , 252 , 266 
HONDURAS ,7802 , 108 , 91 , 120 , 130 , 57 , 127 , 77 , 68 , 94 ,  ,  ,  , 71 , 59 , 86 , 121 , 102 , 90 , 65 , 55 , 93 , 134 , 131 , 95 , 76 , 47 , 62 , 65 , 62 , 95 , 59 , 57 , 77 , 120 , 113 , 103 , 86 , 76 , 88 , 58 , 70 , 74 , 52 , 67 , 63 , 88 , 72 , 85 , 97 , 91 , 128 , 63 , 54 , 113 , 65 , 55 , 90 , 91 , 147 , 121 , 97 , 83 , 90 , 65 , 98 , 87 , 96 , 67 , 142 , 109 , 163 , 119 , 202 , 46 , 87 , 57 , 54 , 34 , 57 , 77 , 68 , 107 , 86 , 105 , 56 , 34 , 73 , 49 , 42 , 71 , 41 , 63 , 42 , 44 , 114 , 73 
NICARAGUA ,6921 , 46 , 47 , 74 , 64 , 69 , 60 , 33 , 47 , 56 ,  ,  ,  , 51 , 35 , 52 , 61 , 47 , 42 , 24 , 41 , 87 , 82 , 73 , 47 , 51 , 29 , 66 , 62 , 52 , 40 , 41 , 45 , 92 , 66 , 96 , 68 , 75 , 51 , 61 , 75 , 61 , 40 , 40 , 40 , 75 , 70 , 72 , 57 , 59 , 63 , 56 , 56 , 41 , 37 , 60 , 51 , 69 , 70 , 137 , 89 , 53 , 71 , 55 , 61 , 52 , 140 , 50 , 74 , 68 , 66 , 132 , 81 , 117 , 41 , 116 , 67 , 76 , 35 , 53 , 481 , 62 , 57 , 102 , 666 , 52 , 32 , 111 , 96 , 68 , 55 , 25 , 50 , 55 , 94 , 73 , 83 
PANAMA ,27697 , 306 , 258 , 435 , 277 , 276 , 217 , 267 , 281 , 283 ,  ,  ,  , 297 , 181 , 316 , 242 , 208 , 189 , 189 , 237 , 313 , 287 , 371 , 295 , 354 , 222 , 200 , 228 , 214 , 206 , 177 , 212 , 272 , 330 , 355 , 232 , 317 , 213 , 306 , 226 , 191 , 180 , 217 , 308 , 256 , 384 , 285 , 245 , 353 , 296 , 325 , 227 , 179 , 267 , 218 , 252 , 326 , 324 , 377 , 306 , 437 , 346 , 478 , 350 , 309 , 303 , 622 , 578 , 573 , 645 , 637 , 368 , 284 , 343 , 292 , 244 , 299 , 273 , 307 , 277 , 274 , 380 , 326 , 372 , 396 , 248 , 368 , 277 , 195 , 211 , 188 , 213 , 242 , 256 , 283 , 198 
CARIBE ,50253 ,955 ,900 ,1079 ,970 ,585 ,614 ,600 ,763 ,387 ,0 ,0 ,0 ,620 ,744 ,926 ,601 ,442 ,500 ,466 ,549 ,729 ,890 ,816 ,932 ,655 ,366 ,486 ,524 ,427 ,398 ,368 ,495 ,512 ,663 ,741 ,722 ,531 ,328 ,553 ,490 ,450 ,351 ,360 ,454 ,486 ,639 ,601 ,569 ,407 ,439 ,598 ,448 ,344 ,301 ,387 ,426 ,393 ,566 ,607 ,625 ,450 ,339 ,2249 ,350 ,518 ,397 ,452 ,387 ,375 ,602 ,1010 ,500 ,341 ,501 ,567 ,408 ,387 ,225 ,418 ,468 ,367 ,497 ,538 ,596 ,425 ,273 ,355 ,352 ,317 ,251 ,188 ,383 ,238 ,596 ,634 ,521 
ANTIGUA Y BARBUDA ,233 ,  ,  ,  ,  ,  ,  ,  ,  ,  ,  ,  ,  ,  ,  ,  ,  ,  ,  ,  ,  ,  ,  ,  ,  ,  ,  ,  ,  ,  ,  ,  ,  ,  ,  ,  ,  ,  ,  ,  ,  ,  ,  ,  ,  ,  ,  ,  ,  , 1 , 2 , 0 , 2 , 3 , 3 , 4 , 5 , 0 , 1 , 5 , 6 , 0 , 0 , 0 , 0 , 0 , 0 , 43 , 41 , 40 , 31 , 32 , 14 ,  ,  ,  ,  ,  ,  ,  ,  ,  ,  ,  ,  ,  ,  ,  ,  ,  ,  ,  ,  ,  ,  ,  ,  
BAHAMAS ,1222 , 3 , 7 , 8 , 3 , 3 , 4 , 4 , 3 , 3 ,  ,  ,  , 37 , 4 , 2 , 4 , 4 , 4 , 2 , 5 , 6 , 8 , 7 , 5 , 5 , 1 , 0 , 4 , 1 , 0 , 0 , 1 , 0 , 2 , 8 , 3 , 3 , 6 , 0 , 0 , 1 , 1 , 5 , 4 , 9 , 23 , 4 , 2 , 1 , 13 , 9 , 3 , 5 , 0 , 23 , 8 , 5 , 10 , 5 , 7 , 4 , 3 , 641 , 2 , 21 , 0 , 5 , 3 , 4 , 5 , 9 , 17 , 8 , 8 , 17 , 6 , 1 , 0 , 3 , 8 , 5 , 9 , 3 , 5 , 6 , 0 , 2 , 7 , 4 , 1 , 2 , 83 , 3 , 2 , 22 , 5 
BARBADOS ,733 , 4 , 5 , 12 , 8 , 5 , 4 , 11 , 1 , 2 ,  ,  ,  , 5 , 8 , 9 , 5 , 5 , 7 , 6 , 4 , 12 , 8 , 4 , 2 , 2 , 7 , 5 , 3 , 1 , 5 , 3 , 2 , 5 , 5 , 8 , 5 , 15 , 7 , 13 , 6 , 4 , 5 , 11 , 1 , 3 , 5 , 6 , 4 , 8 , 29 , 6 , 5 , 0 , 2 , 2 , 8 , 3 , 9 , 11 , 4 , 6 , 9 , 32 , 17 , 3 , 6 , 19 , 11 , 10 , 15 , 17 , 2 , 36 , 6 , 4 , 0 , 11 , 4 , 25 , 4 , 8 , 12 , 16 , 7 , 4 , 17 , 0 , 6 , 3 , 8 , 9 , 4 , 7 , 8 , 16 , 26 
BERMUDAS ,215 ,  ,  ,  ,  ,  ,  ,  ,  ,  ,  ,  ,  ,  ,  ,  ,  ,  ,  ,  ,  ,  ,  ,  ,  ,  ,  ,  ,  ,  ,  ,  ,  ,  ,  ,  ,  ,  ,  ,  ,  ,  ,  ,  ,  ,  ,  ,  ,  ,  ,  ,  ,  ,  ,  ,  ,  ,  ,  ,  ,  , 10 , 0 , 17 , 0 , 1 , 1 , 0 , 0 , 0 , 0 , 20 , 8 , 0 , 10 , 3 , 0 , 33 , 0 , 11 , 0 , 2 , 2 , 1 , 1 , 33 , 23 , 2 , 0 , 0 , 0 , 0 , 1 , 1 , 1 , 33 , 1 
CUBA ,11346 , 99 , 88 , 96 , 84 , 66 , 64 , 73 , 82 , 101 ,  ,  ,  , 101 , 91 , 110 , 77 , 76 , 59 , 51 , 74 , 67 , 122 , 117 , 123 , 165 , 81 , 119 , 91 , 64 , 68 , 91 , 84 , 97 , 121 , 143 , 157 , 112 , 85 , 116 , 76 , 104 , 92 , 69 , 82 , 105 , 82 , 152 , 157 , 143 , 126 , 136 , 116 , 109 , 93 , 90 , 123 , 94 , 111 , 129 , 176 , 163 , 164 , 169 , 142 , 167 , 121 , 160 , 118 , 107 , 133 , 167 , 201 , 176 , 109 , 191 , 146 , 153 , 96 , 127 , 169 , 132 , 225 , 127 , 257 , 125 , 121 , 120 , 142 , 124 , 87 , 99 , 125 , 158 , 271 , 227 , 247 
DOMINICA ,2047 , 36 , 18 , 7 , 1 , 3 , 2 , 0 , 2 , 4 ,  ,  ,  , 0 , 73 , 2 , 2 , 3 , 15 , 3 , 4 , 5 , 3 , 4 , 0 , 2 , 0 , 2 , 1 , 2 , 2 , 1 , 1 , 1 , 3 , 2 , 3 , 2 , 1 , 1 , 9 , 3 , 0 , 1 , 0 , 2 , 1 , 3 , 3 , 5 , 7 , 1 , 0 , 1 , 1 , 0 , 2 , 1 , 0 , 4 , 0 , 69 , 30 , 96 , 48 , 65 , 125 , 5 , 2 , 1 , 8 , 2 , 1 , 12 , 73 , 58 , 52 , 48 , 0 , 67 , 70 , 77 , 60 , 59 , 51 , 125 , 12 , 70 , 49 , 5 , 55 , 3 , 106 , 28 , 89 , 97 , 74 
GRANADA ,1199 , 27 , 13 , 1 , 1 , 4 , 0 , 2 , 1 , 1 ,  ,  ,  , 2 , 0 , 2 , 1 , 1 , 5 , 1 , 0 , 2 , 13 , 5 , 0 , 4 , 2 , 0 , 0 , 0 , 0 , 1 , 2 , 2 , 0 , 4 , 0 , 2 , 1 , 0 , 2 , 3 , 6 , 0 , 2 , 2 , 3 , 1 , 1 , 2 , 1 , 0 , 0 , 1 , 2 , 1 , 0 , 1 , 1 , 1 , 1 , 4 , 11 , 657 , 1 , 88 , 15 , 0 , 2 , 1 , 3 , 13 , 6 , 4 , 25 , 2 , 15 , 0 , 6 , 2 , 12 , 22 , 2 , 16 , 30 , 0 , 7 , 19 , 6 , 6 , 9 , 46 , 10 , 0 , 2 , 16 , 10 
HAITI ,4486 , 163 , 123 , 158 , 92 , 44 , 70 , 54 , 85 , 92 ,  ,  ,  , 125 , 125 , 185 , 94 , 66 , 74 , 58 , 85 , 123 , 140 , 132 , 182 , 42 , 18 , 68 , 80 , 69 , 54 , 28 , 60 , 72 , 101 , 97 , 131 , 43 , 18 , 40 , 37 , 39 , 21 , 30 , 52 , 51 , 56 , 45 , 45 , 20 , 20 , 54 , 37 , 35 , 19 , 19 , 49 , 17 , 39 , 45 , 38 , 14 , 9 , 27 , 7 , 24 , 23 , 12 , 18 , 15 , 20 , 30 , 20 , 14 , 12 , 26 , 2 , 11 , 7 , 10 , 13 , 14 , 13 , 24 , 21 , 10 , 3 , 10 , 7 , 12 , 3 , 3 , 12 , 9 , 9 , 30 , 33 
JAMAICA ,1536 , 8 , 15 , 35 , 10 , 9 , 15 , 34 , 6 , 9 ,  ,  ,  , 13 , 2 , 20 , 13 , 10 , 11 , 15 , 2 , 12 , 27 , 27 , 12 , 18 , 7 , 11 , 8 , 4 , 5 , 2 , 16 , 9 , 18 , 25 , 9 , 36 , 18 , 24 , 29 , 12 , 1 , 3 , 16 , 12 , 9 , 25 , 11 , 20 , 17 , 14 , 46 , 9 , 15 , 8 , 24 , 10 , 15 , 20 , 45 , 8 , 12 , 41 , 16 , 8 , 8 , 13 , 8 , 21 , 21 , 70 , 22 , 16 , 120 , 25 , 11 , 9 , 1 , 12 , 24 , 16 , 14 , 40 , 10 , 13 , 12 , 12 , 6 , 4 , 11 , 2 , 6 , 2 , 9 , 23 , 14 
OTROS CARIBE ,556 , 14 , 93 , 12 , 5 , 16 , 9 , 14 , 9 , 11 ,  ,  ,  , 5 , 15 , 9 , 6 , 1 , 16 , 6 , 8 , 8 , 9 , 13 , 15 , 8 , 26 , 2 , 10 , 2 , 4 , 8 , 5 , 2 , 9 , 8 , 12 , 18 , 4 , 3 , 7 , 8 , 1 , 3 , 3 , 4 , 6 , 12 , 5 , 1 , 3 , 13 , 1 , 4 , 2 , 3 , 1 , 4 , 0 , 2 , 10 , 0 , 0 , 0 , 0 , 0 , 0 , 18 , 0 , 0 , 0 , 28 , 2 ,  ,  ,  ,  ,  ,  ,  ,  ,  ,  ,  ,  ,  ,  ,  ,  ,  ,  ,  ,  ,  ,  ,  ,  
PUERTO RICO ,728 , 4 , 2 , 10 , 169 , 4 , 0 , 1 , 0 , 0 ,  ,  ,  , 5 , 1 , 0 , 1 , 2 , 3 , 3 , 0 , 1 , 0 , 4 , 91 , 1 , 1 , 2 , 0 , 0 , 0 , 0 , 0 , 0 , 3 , 3 , 1 , 3 , 1 , 3 , 4 , 2 , 0 , 2 , 0 , 1 , 2 , 3 , 1 , 11 , 0 , 6 , 4 , 0 , 9 , 0 , 2 , 4 , 3 , 0 , 5 , 3 , 2 , 194 , 7 , 7 , 1 , 2 , 2 , 0 , 5 , 6 , 2 , 2 , 17 , 2 , 10 , 3 , 0 , 3 , 1 , 1 , 2 , 10 , 5 , 3 , 4 , 3 , 3 , 9 , 3 , 0 , 3 , 0 , 3 , 6 , 26 
REPUBLICA DOMINICANA ,23529 , 561 , 505 , 716 , 572 , 417 , 429 , 386 , 563 , 148 ,  ,  ,  , 306 , 417 , 544 , 377 , 254 , 270 , 293 , 356 , 468 , 524 , 485 , 472 , 369 , 203 , 250 , 288 , 246 , 239 , 225 , 309 , 299 , 376 , 419 , 375 , 276 , 165 , 307 , 303 , 265 , 209 , 219 , 275 , 271 , 401 , 336 , 297 , 187 , 191 , 325 , 214 , 168 , 143 , 216 , 170 , 232 , 368 , 353 , 309 , 141 , 89 , 158 , 96 , 120 , 87 , 166 , 174 , 164 , 341 , 574 , 197 , 44 , 80 , 212 , 72 , 88 , 100 , 105 , 142 , 54 , 116 , 218 , 159 , 91 , 37 , 97 , 104 , 131 , 66 , 16 , 23 , 24 , 163 , 150 , 69 
SAN VICENTE ,271 , 5 , 1 , 6 , 0 , 2 , 1 , 3 , 0 , 4 ,  ,  ,  , 2 , 0 , 4 , 0 , 2 , 4 , 0 , 0 , 1 , 1 , 3 , 2 ,  ,  ,  ,  ,  ,  ,  ,  ,  ,  ,  ,  , 1 , 3 , 9 , 0 , 1 , 0 , 1 , 0 , 2 , 2 , 1 , 3 , 2 , 3 , 2 , 0 , 0 , 3 , 2 , 0 , 5 , 1 , 5 , 3 , 2 , 4 , 34 , 2 , 3 , 1 , 2 , 0 , 0 , 1 , 1 , 0 , 1 , 0 , 2 , 6 , 1 , 0 , 43 , 2 , 25 , 3 , 0 , 27 , 0 , 2 , 0 , 1 , 9 , 1 , 0 , 1 , 0 , 5 , 1 , 1 
SANTA LUCIA ,523 , 0 , 3 , 1 , 6 , 1 , 2 , 1 , 0 , 3 ,  ,  ,  , 2 , 1 , 1 , 1 , 4 , 3 , 0 , 0 , 5 , 0 , 1 , 2 , 0 , 2 , 4 , 4 , 1 , 1 , 0 , 1 , 0 , 0 , 0 , 1 , 0 , 0 , 2 , 1 , 1 , 2 , 0 , 0 , 6 , 2 , 2 , 1 , 2 , 3 , 1 , 0 , 1 , 3 , 4 , 2 , 1 , 2 , 1 , 0 , 0 , 3 , 166 , 7 , 1 , 0 , 0 , 0 , 1 , 2 , 20 , 2 , 13 , 13 , 3 , 76 , 10 , 1 , 2 , 6 , 0 , 30 , 4 , 10 , 0 , 27 , 1 , 1 , 1 , 2 , 4 , 0 , 1 , 20 , 4 , 4 
TRINIDAD Y TOBAGO ,1629 , 31 , 27 , 17 , 19 , 11 , 14 , 17 , 11 , 9 ,  ,  ,  , 17 , 7 , 38 , 20 , 14 , 29 , 28 , 11 , 19 , 35 , 14 , 26 , 39 , 18 , 23 , 35 , 37 , 20 , 9 , 14 , 25 , 25 , 24 , 25 , 20 , 19 , 35 , 16 , 7 , 13 , 16 , 19 , 18 , 47 , 11 , 39 , 4 , 24 , 31 , 20 , 8 , 6 , 15 , 32 , 16 , 6 , 26 , 21 , 26 , 3 , 17 , 5 , 10 , 9 , 7 , 8 , 11 , 17 , 21 , 6 , 15 , 28 , 22 , 12 , 19 , 10 , 8 , 17 , 11 , 9 , 20 , 13 , 15 , 8 , 19 , 20 , 9 , 5 , 4 , 9 , 5 , 14 , 9 , 11 
OTROS PAISES DE AMERICA ,2603 , 0 , 0 , 0 , 0 , 0 , 0 , 0 , 0 , 0 ,  ,  ,  ,  ,  ,  ,  ,  ,  ,  ,  ,  ,  ,  ,  , 0 , 0 , 0 , 0 , 0 , 0 , 0 , 0 , 0 , 0 , 0 , 0 , 1 , 0 , 0 , 0 , 0 , 0 , 0 , 0 , 0 , 0 , 0 , 0 , 1 , 0 , 1 , 2 , 2 , 2 , 4 , 2 , 1 , 0 , 0 , 0 , 272 , 117 , 36 , 57 , 244 , 79 , 0 , 0 , 0 , 0 , 0 , 4 , 157 , 28 , 87 , 134 , 18 , 22 , 25 , 27 , 32 , 46 , 61 , 58 , 53 , 235 , 45 , 26 , 29 , 5 , 142 , 126 , 124 , 69 , 68 , 161 
EUROPA ,2995982 ,63379 ,49261 ,43176 ,25320 ,17256 ,14713 ,18710 ,19585 ,18766 ,0 ,0 ,0 ,59526 ,48917 ,38201 ,24901 ,17110 ,14206 ,17435 ,18466 ,17911 ,28521 ,48483 ,47932 ,62776 ,49700 ,35541 ,21931 ,15409 ,12356 ,17734 ,19145 ,18293 ,27988 ,46868 ,46732 ,61642 ,46229 ,40834 ,25137 ,15751 ,14161 ,19252 ,20011 ,18109 ,27147 ,46612 ,51321 ,60995 ,59160 ,46950 ,24875 ,15262 ,14526 ,21851 ,24038 ,19727 ,28789 ,50400 ,55550 ,56850 ,50807 ,44268 ,25721 ,16166 ,14570 ,22459 ,23544 ,20526 ,32350 ,53968 ,53369 ,52285 ,49610 ,42045 ,23531 ,15902 ,14859 ,18868 ,20535 ,18867 ,29404 ,48480 ,47192 ,50471 ,42188 ,35995 ,22261 ,15098 ,13029 ,20461 ,20469 ,17982 ,28850 ,48189 ,50236 
ALBANIA ,1344 , 3 , 21 , 5 , 1 , 0 , 1 , 3 , 2 , 3 ,  ,  ,  , 11 , 7 , 5 , 20 , 0 , 5 , 0 , 2 , 0 , 9 , 1 , 5 , 2 , 23 , 2 , 6 , 1 , 7 , 3 , 0 , 1 , 3 , 0 , 4 , 3 , 3 , 1 , 3 , 1 , 2 , 2 , 6 , 0 , 1 , 3 , 3 , 26 , 2 , 6 , 1 , 1 , 2 , 7 , 7 , 0 , 0 , 6 , 28 , 9 , 1 , 8 , 57 , 10 , 10 , 5 , 6 , 14 , 2 , 15 , 12 , 5 , 269 , 26 , 13 , 19 , 4 , 6 , 7 , 5 , 44 , 51 , 204 , 36 , 97 , 8 , 5 , 17 , 3 , 6 , 13 , 8 , 34 , 20 , 25 
ALEMANIA ,530712 , 14478 , 9005 , 8356 , 3776 , 2367 , 1834 , 2680 , 2878 , 3087 ,  ,  ,  , 13010 , 8280 , 7090 , 3534 , 2490 , 1890 , 2279 , 2664 , 2854 , 4731 , 9459 , 8371 , 13872 , 10600 , 7767 , 3201 , 2025 , 1608 , 2277 , 2327 , 2780 , 5049 , 8282 , 8106 , 11519 , 8259 , 8320 , 4205 , 2080 , 1936 , 2500 , 2657 , 2872 , 4630 , 8904 , 9710 , 13449 , 12066 , 9389 , 3215 , 1877 , 1819 , 2811 , 2907 , 3146 , 4525 , 9322 , 11053 , 12515 , 9777 , 8409 , 3844 , 2168 , 1698 , 2630 , 2739 , 2678 , 5130 , 9299 , 10283 , 9858 , 10508 , 7605 , 3694 , 2057 , 1666 , 2483 , 2668 , 2893 , 4899 , 8368 , 8440 , 12487 , 9882 , 7448 , 3811 , 2071 , 1559 , 2484 , 2471 , 2859 , 4899 , 8982 , 9272 
ANDORRA ,1041 , 23 , 10 , 7 , 10 , 16 , 10 , 11 , 9 , 6 ,  ,  ,  , 17 , 8 , 7 , 20 , 6 , 6 , 8 , 4 , 8 , 3 , 8 , 8 , 9 , 18 , 4 , 5 , 7 , 1 , 2 , 15 , 4 , 8 , 7 , 12 , 11 , 6 , 9 , 1 , 1 , 7 , 11 , 22 , 4 , 16 , 28 , 22 , 6 , 15 , 2 , 9 , 4 , 3 , 6 , 10 , 4 , 5 , 20 , 3 , 6 , 6 , 163 , 12 , 4 , 5 , 5 , 16 , 9 , 15 , 25 , 11 , 5 , 21 , 6 , 15 , 1 , 3 , 4 , 8 , 14 , 7 , 15 , 16 , 40 , 0 , 4 , 3 , 15 , 5 , 13 , 17 , 3 , 0 , 16 , 11 
ARMENIA ,188 , 5 , 10 , 0 , 1 , 3 , 0 , 0 , 0 , 1 ,  ,  ,  , 9 , 0 , 0 , 0 , 6 , 1 , 0 , 0 , 1 , 1 , 2 , 2 , 5 , 1 , 2 , 4 , 1 , 1 , 1 , 1 , 2 , 0 , 0 , 5 , 5 , 0 , 0 , 0 , 4 , 0 , 2 , 0 , 2 , 0 , 2 , 3 , 1 , 1 , 0 , 2 , 0 , 3 , 0 , 2 , 1 , 2 , 2 , 2 , 1 , 14 , 2 , 0 , 0 , 0 , 3 , 4 , 1 , 7 , 6 , 10 , 0 , 13 , 0 , 0 , 0 , 0 , 2 , 0 , 0 , 11 , 1 , 2 , 3 , 9 , 0 , 0 , 0 , 0 , 0 , 0 , 0 , 0 , 0 , 0 
AUSTRIA ,60048 , 1280 , 1127 , 876 , 436 , 334 , 253 , 291 , 364 , 338 ,  ,  ,  , 1104 , 1266 , 790 , 374 , 316 , 226 , 321 , 409 , 296 , 577 , 990 , 815 , 1437 , 1241 , 1006 , 398 , 195 , 181 , 267 , 386 , 374 , 524 , 1017 , 992 , 1416 , 1210 , 858 , 484 , 238 , 181 , 274 , 413 , 337 , 570 , 966 , 1248 , 1262 , 1241 , 730 , 349 , 219 , 198 , 316 , 330 , 286 , 480 , 936 , 1064 , 1311 , 1028 , 937 , 490 , 215 , 171 , 392 , 368 , 362 , 578 , 1204 , 1057 , 1459 , 1157 , 818 , 346 , 254 , 209 , 410 , 295 , 354 , 721 , 1189 , 957 , 1179 , 1083 , 628 , 433 , 174 , 221 , 413 , 392 , 334 , 514 , 1131 , 857 
AZERBAIJAN ,244 ,  ,  ,  ,  ,  ,  ,  ,  ,  ,  ,  ,  , 0 , 10 , 1 , 1 , 0 , 2 , 0 , 0 , 0 , 2 , 0 , 0 ,  ,  ,  ,  ,  ,  ,  ,  ,  ,  ,  ,  ,  ,  ,  ,  ,  ,  ,  ,  ,  ,  ,  ,  ,  ,  ,  ,  ,  ,  ,  ,  ,  ,  ,  ,  , 0 , 13 , 123 , 0 , 26 , 0 , 0 , 0 , 1 , 1 , 2 , 4 , 0 , 26 , 0 , 0 , 0 , 1 , 0 , 0 , 0 , 1 , 13 , 0 , 3 , 0 , 0 , 0 , 0 , 0 , 0 , 0 , 0 , 0 , 0 , 14 
BELARUS ,93 ,  ,  ,  ,  ,  ,  ,  ,  ,  ,  ,  ,  ,  ,  ,  ,  ,  ,  ,  ,  ,  ,  ,  ,  ,  ,  ,  ,  ,  ,  ,  ,  ,  ,  ,  ,  ,  ,  ,  ,  ,  ,  ,  ,  ,  ,  ,  ,  , 11 , 10 , 6 , 15 , 4 , 5 , 11 , 6 , 3 , 2 , 16 , 4 ,  ,  ,  ,  ,  ,  ,  ,  ,  ,  ,  ,  ,  ,  ,  ,  ,  ,  ,  ,  ,  ,  ,  ,  ,  ,  ,  ,  ,  ,  ,  ,  ,  ,  ,  ,  
BELGICA ,72481 , 1376 , 1231 , 1342 , 606 , 439 , 301 , 455 , 474 , 414 ,  ,  ,  , 1323 , 1037 , 994 , 565 , 314 , 306 , 559 , 407 , 383 , 810 , 1301 , 1661 , 1499 , 1149 , 788 , 508 , 320 , 241 , 541 , 367 , 447 , 797 , 1347 , 1425 , 1342 , 1242 , 848 , 548 , 275 , 267 , 614 , 430 , 441 , 709 , 1202 , 1429 , 1437 , 1245 , 977 , 513 , 292 , 276 , 630 , 411 , 396 , 624 , 1268 , 1500 , 1345 , 1068 , 980 , 648 , 296 , 306 , 538 , 408 , 455 , 788 , 1493 , 1472 , 1270 , 986 , 901 , 453 , 345 , 294 , 480 , 345 , 410 , 867 , 1279 , 1315 , 1188 , 1118 , 876 , 562 , 326 , 295 , 514 , 369 , 432 , 767 , 1347 , 1302 
BIELORRUSIA ,1022 ,  ,  ,  ,  ,  ,  ,  ,  ,  ,  ,  ,  ,  ,  ,  ,  ,  ,  ,  ,  ,  ,  ,  ,  ,  ,  ,  ,  ,  ,  ,  ,  ,  ,  ,  ,  ,  ,  ,  ,  ,  ,  ,  ,  ,  ,  ,  ,  ,  ,  ,  ,  ,  ,  ,  ,  ,  ,  ,  ,  , 47 , 17 , 27 , 40 , 7 , 3 , 0 , 0 , 0 , 0 , 0 , 0 , 274 , 23 , 2 , 3 , 0 , 2 , 2 , 15 , 7 , 11 , 4 , 22 , 9 , 6 , 6 , 3 , 71 , 0 , 139 , 163 , 105 , 3 , 10 , 1 
BOSNIA-HERZEGOVINA ,222 , 7 , 4 , 2 , 1 , 0 , 3 , 2 , 1 , 4 ,  ,  ,  , 5 , 7 , 2 , 0 , 3 , 2 , 2 , 2 , 4 , 4 , 7 , 3 , 11 , 6 , 0 , 1 , 0 , 3 , 2 , 0 , 3 , 4 , 6 , 5 , 7 , 2 , 2 , 1 , 0 , 3 , 0 , 0 , 0 , 0 , 1 , 3 , 7 , 0 , 3 , 0 , 1 , 2 , 0 , 0 , 0 , 4 , 4 , 3 , 1 , 0 , 5 , 0 , 0 , 0 , 6 , 1 , 2 , 3 , 7 , 6 , 0 , 6 , 0 , 7 , 0 , 1 , 0 , 0 , 6 , 0 , 1 , 1 , 3 , 3 , 2 , 1 , 1 , 2 , 2 , 3 , 0 , 1 , 0 , 2 
BULGARIA ,4254 , 141 , 76 , 109 , 55 , 29 , 33 , 20 , 56 , 34 ,  ,  ,  , 129 , 72 , 65 , 44 , 27 , 25 , 18 , 29 , 29 , 46 , 54 , 52 , 139 , 57 , 39 , 24 , 49 , 17 , 17 , 26 , 21 , 25 , 77 , 81 , 100 , 64 , 45 , 28 , 29 , 31 , 17 , 16 , 22 , 40 , 65 , 67 , 83 , 81 , 55 , 23 , 39 , 14 , 20 , 23 , 34 , 31 , 69 , 57 , 84 , 73 , 67 , 28 , 17 , 17 , 24 , 17 , 23 , 32 , 90 , 111 , 53 , 71 , 46 , 86 , 22 , 21 , 19 , 12 , 21 , 22 , 31 , 23 , 154 , 18 , 24 , 41 , 55 , 13 , 6 , 25 , 22 , 17 , 59 , 42 
CIUDAD DEL VATICANO ,45 ,  ,  ,  ,  ,  ,  ,  ,  ,  ,  ,  ,  ,  ,  ,  ,  ,  ,  ,  ,  ,  ,  ,  ,  ,  ,  ,  ,  ,  ,  ,  ,  ,  ,  ,  ,  ,  ,  ,  ,  ,  ,  ,  ,  ,  ,  ,  ,  ,  ,  ,  ,  ,  ,  ,  ,  ,  ,  ,  ,  , 0 , 1 , 13 , 3 , 25 , 1 , 1 , 0 , 0 , 0 , 1 , 0 , 0 , 0 , 0 , 0 , 0 , 0 , 0 , 0 , 0 , 0 , 0 , 0 ,  ,  ,  ,  ,  ,  ,  ,  ,  ,  ,  ,  
CROACIA ,5076 , 88 , 66 , 68 , 61 , 41 , 38 , 19 , 39 , 55 ,  ,  ,  , 93 , 63 , 49 , 36 , 36 , 26 , 37 , 33 , 36 , 61 , 81 , 103 , 138 , 52 , 53 , 52 , 47 , 39 , 35 , 45 , 46 , 54 , 56 , 78 , 95 , 90 , 75 , 45 , 23 , 45 , 42 , 29 , 38 , 26 , 60 , 69 , 122 , 56 , 97 , 50 , 53 , 26 , 23 , 40 , 26 , 77 , 96 , 112 , 93 , 29 , 25 , 14 , 17 , 22 , 55 , 84 , 67 , 67 , 77 , 64 , 83 , 43 , 87 , 54 , 21 , 61 , 35 , 12 , 65 , 18 , 35 , 31 , 111 , 68 , 34 , 66 , 52 , 41 , 26 , 77 , 27 , 47 , 57 , 72 
DINAMARCA ,42122 , 941 , 837 , 580 , 377 , 225 , 160 , 242 , 164 , 192 ,  ,  ,  , 877 , 820 , 624 , 335 , 179 , 196 , 161 , 159 , 187 , 377 , 453 , 631 , 1022 , 782 , 562 , 299 , 245 , 169 , 174 , 163 , 155 , 427 , 486 , 533 , 1101 , 873 , 495 , 342 , 172 , 220 , 247 , 153 , 172 , 357 , 518 , 564 , 1103 , 948 , 715 , 323 , 175 , 160 , 242 , 205 , 233 , 456 , 794 , 814 , 1212 , 776 , 880 , 492 , 232 , 181 , 244 , 179 , 219 , 440 , 780 , 660 , 951 , 699 , 750 , 396 , 189 , 169 , 198 , 220 , 161 , 336 , 592 , 701 , 783 , 751 , 682 , 325 , 243 , 195 , 254 , 206 , 203 , 556 , 575 , 576 
ESCOCIA ,851 , 14 , 8 , 1 , 4 , 1 , 4 , 4 , 0 , 0 ,  ,  ,  , 3 , 11 , 10 , 1 , 2 , 1 , 6 , 5 , 0 , 1 , 7 , 8 , 5 , 8 , 9 , 10 , 6 , 3 , 2 , 2 , 6 , 3 , 10 , 10 , 4 , 5 , 8 , 5 , 6 , 6 , 6 , 2 , 7 , 6 , 7 , 11 , 13 , 9 , 12 , 3 , 12 , 4 , 3 , 4 , 4 , 3 , 27 , 6 , 33 , 29 , 36 , 11 , 62 , 3 , 3 , 3 , 6 , 5 , 15 , 5 , 6 , 14 , 8 , 13 , 9 , 6 , 5 , 3 , 5 , 8 , 32 , 24 , 14 , 13 , 13 , 4 , 7 , 30 , 6 , 14 , 7 , 6 , 39 , 16 
ESLOVAQUIA ,5577 , 118 , 138 , 70 , 106 , 39 , 24 , 37 , 42 , 47 ,  ,  ,  , 147 , 123 , 88 , 70 , 35 , 33 , 22 , 20 , 92 , 50 , 90 , 68 , 133 , 98 , 59 , 52 , 21 , 23 , 30 , 31 , 34 , 35 , 103 , 83 , 110 , 91 , 130 , 82 , 25 , 32 , 26 , 53 , 57 , 44 , 196 , 87 , 106 , 101 , 68 , 81 , 29 , 23 , 50 , 36 , 43 , 69 , 270 , 79 , 25 , 99 , 92 , 29 , 17 , 12 , 10 , 26 , 12 , 31 , 52 , 49 , 74 , 329 , 53 , 17 , 5 , 45 , 3 , 14 , 7 , 5 , 39 , 85 , 68 , 50 , 30 , 14 , 25 , 9 , 12 , 11 , 35 , 32 , 42 , 70 
ESLOVENIA ,5506 , 80 , 93 , 104 , 40 , 12 , 17 , 23 , 56 , 37 ,  ,  ,  , 114 , 88 , 95 , 17 , 23 , 11 , 60 , 67 , 43 , 63 , 80 , 127 , 104 , 108 , 73 , 60 , 25 , 12 , 21 , 53 , 27 , 84 , 72 , 69 , 129 , 154 , 117 , 60 , 44 , 37 , 56 , 46 , 42 , 86 , 62 , 113 , 186 , 114 , 60 , 21 , 18 , 35 , 53 , 97 , 52 , 107 , 139 , 105 , 69 , 61 , 67 , 24 , 13 , 24 , 20 , 83 , 34 , 92 , 119 , 117 , 34 , 76 , 77 , 16 , 9 , 1 , 41 , 7 , 14 , 37 , 15 , 41 , 76 , 81 , 24 , 10 , 10 , 3 , 12 , 33 , 9 , 45 , 72 , 149 
ESPAÃ‘A ,462182 , 6466 , 4974 , 6394 , 4696 , 3733 , 3803 , 4472 , 4389 , 4503 ,  ,  ,  , 5540 , 4731 , 5363 , 4424 , 3299 , 2947 , 3547 , 3748 , 3835 , 4846 , 8129 , 6372 , 6334 , 4539 , 4468 , 3717 , 2739 , 2369 , 3286 , 3829 , 3744 , 4819 , 7766 , 5762 , 6578 , 4860 , 5050 , 4138 , 2760 , 2619 , 3495 , 3783 , 3570 , 4764 , 8153 , 6442 , 7152 , 5967 , 6964 , 3988 , 2425 , 2652 , 4069 , 5155 , 3888 , 4982 , 7807 , 6502 , 6029 , 5034 , 6814 , 4342 , 2927 , 2883 , 4781 , 5598 , 5123 , 6893 , 10397 , 7736 , 6366 , 5377 , 5910 , 4595 , 2823 , 2520 , 3512 , 4264 , 4043 , 6077 , 9773 , 6941 , 5459 , 4958 , 5521 , 3860 , 2686 , 2321 , 3818 , 4868 , 3947 , 5981 , 8915 , 7744 
ESTONIA ,2015 , 81 , 34 , 54 , 14 , 12 , 18 , 10 , 13 , 6 ,  ,  ,  , 19 , 44 , 38 , 14 , 2 , 44 , 4 , 6 , 10 , 13 , 27 , 41 , 40 , 25 , 16 , 11 , 11 , 2 , 2 , 6 , 10 , 16 , 31 , 46 , 81 , 30 , 14 , 11 , 9 , 4 , 17 , 1 , 19 , 16 , 18 , 23 , 43 , 36 , 42 , 14 , 5 , 4 , 12 , 3 , 2 , 19 , 27 , 29 , 68 , 30 , 5 , 8 , 14 , 0 , 4 , 27 , 7 , 12 , 56 , 23 , 10 , 18 , 18 , 12 , 7 , 2 , 9 , 4 , 10 , 11 , 58 , 10 , 5 , 40 , 11 , 1 , 14 , 1 , 0 , 6 , 2 , 6 , 293 , 14 
FEDERACION RUSA ,30807 , 1339 , 1139 , 859 , 383 , 312 , 172 , 265 , 333 , 271 ,  ,  ,  , 847 , 565 , 504 , 363 , 185 , 172 , 243 , 278 , 213 , 316 , 638 , 641 , 666 , 360 , 510 , 159 , 116 , 151 , 100 , 125 , 127 , 233 , 334 , 475 , 799 , 268 , 493 , 153 , 115 , 124 , 117 , 161 , 165 , 173 , 313 , 580 , 489 , 336 , 618 , 461 , 201 , 142 , 128 , 179 , 97 , 113 , 489 , 665 , 439 , 571 , 245 , 338 , 282 , 203 , 317 , 323 , 305 , 322 , 330 , 499 , 161 , 377 , 543 , 249 , 256 , 159 , 172 , 333 , 196 , 243 , 383 , 397 , 348 , 155 , 313 , 173 , 102 , 119 , 94 , 115 , 67 , 213 , 259 , 433 
FINLANDIA ,24424 , 368 , 323 , 303 , 272 , 180 , 126 , 119 , 163 , 151 ,  ,  ,  , 400 , 361 , 321 , 233 , 189 , 133 , 98 , 133 , 161 , 313 , 392 , 430 , 374 , 332 , 280 , 199 , 155 , 116 , 115 , 129 , 160 , 250 , 418 , 381 , 439 , 372 , 334 , 210 , 153 , 163 , 138 , 131 , 129 , 262 , 456 , 337 , 396 , 408 , 330 , 251 , 118 , 158 , 125 , 179 , 193 , 282 , 469 , 451 , 515 , 392 , 385 , 283 , 141 , 166 , 149 , 143 , 157 , 263 , 439 , 394 , 510 , 432 , 288 , 199 , 171 , 112 , 152 , 139 , 135 , 256 , 532 , 491 , 429 , 359 , 229 , 160 , 153 , 142 , 134 , 142 , 212 , 278 , 410 , 370 
FRANCIA ,466858 , 9427 , 8289 , 6700 , 4159 , 2641 , 2318 , 3539 , 3269 , 2653 ,  ,  ,  , 8371 , 7978 , 6672 , 4559 , 2897 , 2407 , 3567 , 3528 , 2852 , 5007 , 8059 , 7903 , 9534 , 8582 , 5605 , 4004 , 2687 , 2074 , 3696 , 3964 , 3043 , 4742 , 7542 , 8065 , 9072 , 8043 , 6170 , 4445 , 2833 , 2252 , 4250 , 4187 , 2845 , 4581 , 7025 , 7920 , 7817 , 8942 , 5914 , 4084 , 2495 , 2408 , 4212 , 4417 , 3157 , 4747 , 7248 , 7543 , 6955 , 6572 , 6431 , 4088 , 2526 , 2136 , 4636 , 4367 , 3131 , 5301 , 7597 , 7329 , 7422 , 6941 , 6160 , 3262 , 2490 , 1958 , 3497 , 3749 , 2738 , 4204 , 6635 , 6301 , 6522 , 6625 , 4874 , 3223 , 2347 , 1943 , 5015 , 3448 , 2387 , 4089 , 5942 , 7077 
GALES ,199 , 2 , 1 , 16 , 0 , 0 , 1 , 0 , 0 , 0 ,  ,  ,  ,  ,  ,  ,  ,  ,  ,  ,  ,  ,  ,  ,  , 0 , 5 , 1 , 2 , 0 , 0 , 0 , 0 , 0 , 0 , 2 , 0 ,  ,  ,  ,  ,  ,  ,  ,  ,  ,  ,  ,  , 1 , 1 , 0 , 1 , 2 , 0 , 0 , 2 , 0 , 2 , 3 , 2 , 6 , 6 , 12 , 2 , 5 , 0 , 6 , 2 , 1 , 0 , 30 , 0 , 5 , 2 , 9 , 0 , 2 , 1 , 0 , 0 , 18 , 0 , 5 , 0 , 2 , 8 , 1 , 3 , 2 , 1 , 3 , 4 , 1 , 5 , 6 , 7 
GEORGIA ,484 , 1 , 1 , 1 , 1 , 0 , 4 , 3 , 3 , 1 ,  ,  ,  , 18 , 1 , 2 , 3 , 1 , 1 , 0 , 3 , 0 , 6 , 3 , 1 , 3 , 1 , 0 , 1 , 0 , 3 , 0 , 2 , 3 , 0 , 1 , 0 ,  ,  ,  ,  ,  ,  ,  ,  ,  ,  ,  ,  , 6 , 3 , 0 , 32 , 3 , 0 , 0 , 1 , 3 , 2 , 1 , 3 , 4 , 1 , 6 , 2 , 66 , 25 , 5 , 3 , 4 , 4 , 8 , 19 , 32 , 2 , 3 , 13 , 1 , 6 , 1 , 27 , 13 , 4 , 4 , 0 , 7 , 14 , 21 , 2 , 18 , 3 , 0 , 17 , 22 , 5 , 0 , 0 
GRECIA ,11772 , 159 , 114 , 137 , 81 , 50 , 58 , 41 , 83 , 47 ,  ,  ,  , 166 , 139 , 118 , 126 , 48 , 39 , 93 , 94 , 59 , 115 , 84 , 151 , 222 , 157 , 114 , 78 , 49 , 58 , 109 , 53 , 62 , 55 , 99 , 268 , 216 , 178 , 198 , 123 , 61 , 45 , 58 , 105 , 46 , 90 , 126 , 235 , 258 , 231 , 250 , 148 , 59 , 60 , 77 , 260 , 61 , 46 , 164 , 276 , 179 , 181 , 195 , 214 , 68 , 110 , 134 , 273 , 53 , 112 , 146 , 363 , 187 , 189 , 156 , 112 , 60 , 71 , 92 , 184 , 104 , 86 , 163 , 217 , 272 , 155 , 128 , 95 , 69 , 48 , 71 , 247 , 51 , 62 , 70 , 158 
HOLANDA ,137643 , 3134 , 1875 , 1648 , 1034 , 837 , 502 , 802 , 581 , 707 ,  ,  ,  , 3062 , 2238 , 1613 , 980 , 709 , 505 , 763 , 626 , 590 , 1551 , 2724 , 3030 , 3828 , 2397 , 1605 , 965 , 719 , 434 , 858 , 581 , 660 , 1485 , 2840 , 2595 , 3404 , 2182 , 2181 , 1127 , 779 , 636 , 931 , 681 , 765 , 1671 , 2681 , 3012 , 3244 , 2768 , 2068 , 1134 , 643 , 554 , 1081 , 698 , 886 , 1823 , 3138 , 3427 , 2826 , 2040 , 1637 , 1006 , 672 , 536 , 674 , 585 , 643 , 1364 , 2343 , 1919 , 2400 , 1949 , 1747 , 822 , 583 , 464 , 778 , 636 , 788 , 1497 , 2777 , 2968 , 1767 , 1435 , 1458 , 871 , 535 , 487 , 612 , 504 , 641 , 1305 , 2037 , 2345 
HUNGRIA ,7246 , 158 , 199 , 157 , 56 , 26 , 27 , 28 , 29 , 31 ,  ,  ,  , 152 , 94 , 81 , 42 , 22 , 20 , 24 , 20 , 52 , 85 , 144 , 76 , 157 , 108 , 55 , 44 , 18 , 18 , 34 , 58 , 26 , 45 , 149 , 90 , 225 , 153 , 110 , 39 , 40 , 16 , 46 , 63 , 36 , 65 , 125 , 90 , 222 , 129 , 148 , 49 , 73 , 22 , 42 , 48 , 38 , 197 , 264 , 99 , 92 , 112 , 239 , 46 , 109 , 21 , 41 , 39 , 16 , 73 , 175 , 88 , 106 , 140 , 85 , 28 , 29 , 33 , 68 , 46 , 60 , 100 , 119 , 65 , 97 , 98 , 86 , 18 , 12 , 37 , 18 , 10 , 15 , 65 , 121 , 75 
INGLATERRA ,427445 , 8546 , 8829 , 6245 , 3382 , 2232 , 1733 , 1891 , 1845 , 1945 ,  ,  ,  , 9884 , 10774 , 4994 , 4148 , 2645 , 1981 , 1911 , 1906 , 2033 , 3451 , 5038 , 4772 , 6924 , 7415 , 4679 , 3528 , 2345 , 1846 , 2510 , 2230 , 2275 , 3350 , 4900 , 4113 , 8366 , 7516 , 6260 , 3790 , 2602 , 2163 , 2596 , 2479 , 2281 , 3334 , 5583 , 5646 , 7911 , 12557 , 8230 , 4255 , 2814 , 2558 , 3341 , 3395 , 2617 , 3629 , 6018 , 6029 , 8649 , 12180 , 6957 , 4010 , 2691 , 2644 , 3490 , 3089 , 2750 , 3762 , 7219 , 6588 , 7363 , 9731 , 7895 , 4263 , 2814 , 2435 , 3131 , 2777 , 2590 , 3796 , 5795 , 5747 , 6207 , 5886 , 6131 , 4068 , 2720 , 2609 , 997 , 2764 , 2755 , 4010 , 7834 , 6828 
IRLANDA ,43615 , 514 , 450 , 399 , 290 , 225 , 174 , 229 , 226 , 204 ,  ,  ,  , 372 , 441 , 485 , 331 , 278 , 206 , 248 , 228 , 227 , 318 , 362 , 422 , 624 , 445 , 391 , 321 , 215 , 326 , 300 , 283 , 241 , 297 , 539 , 368 , 780 , 613 , 592 , 505 , 290 , 258 , 364 , 246 , 292 , 365 , 391 , 457 , 714 , 633 , 761 , 547 , 401 , 413 , 584 , 504 , 456 , 579 , 729 , 760 , 1018 , 650 , 727 , 535 , 457 , 401 , 539 , 562 , 447 , 608 , 849 , 754 , 631 , 487 , 609 , 536 , 388 , 410 , 527 , 482 , 490 , 509 , 863 , 663 , 571 , 477 , 697 , 483 , 413 , 351 , 437 , 412 , 417 , 618 , 751 , 633 
ISLANDIA ,2745 , 58 , 21 , 70 , 31 , 20 , 6 , 14 , 13 , 15 ,  ,  ,  , 49 , 33 , 27 , 68 , 32 , 12 , 20 , 13 , 22 , 18 , 28 , 24 , 30 , 27 , 15 , 15 , 17 , 12 , 6 , 18 , 13 , 12 , 40 , 12 , 45 , 17 , 24 , 35 , 28 , 12 , 12 , 7 , 15 , 23 , 15 , 14 , 43 , 42 , 78 , 18 , 4 , 17 , 20 , 12 , 19 , 21 , 22 , 27 , 34 , 47 , 70 , 55 , 26 , 22 , 11 , 23 , 22 , 18 , 63 , 51 , 52 , 136 , 39 , 30 , 26 , 14 , 13 , 16 , 13 , 53 , 93 , 18 , 30 , 43 , 96 , 22 , 21 , 7 , 15 , 85 , 16 , 16 , 23 , 45 
ITALIA ,217566 , 4576 , 2936 , 2829 , 1910 , 1447 , 1255 , 1523 , 2379 , 1632 ,  ,  ,  , 4016 , 2862 , 2533 , 1484 , 1334 , 1294 , 1512 , 2202 , 1604 , 2141 , 3538 , 3653 , 4725 , 2949 , 1978 , 1393 , 1180 , 1007 , 1238 , 2304 , 1437 , 2107 , 3431 , 3997 , 4702 , 2727 , 2313 , 1567 , 1151 , 1053 , 1419 , 2379 , 1400 , 1894 , 3513 , 4322 , 4752 , 3143 , 2635 , 1722 , 1124 , 1019 , 1530 , 2818 , 1383 , 2148 , 3254 , 4155 , 4413 , 3177 , 2556 , 1677 , 1171 , 966 , 1437 , 2410 , 1464 , 2179 , 3725 , 4187 , 4310 , 2888 , 2733 , 1479 , 1237 , 1033 , 1253 , 2258 , 1307 , 2019 , 3534 , 3564 , 4208 , 2995 , 2134 , 1340 , 1026 , 863 , 1251 , 1969 , 1282 , 1886 , 3284 , 3822 
KASAJSTAN ,172 , 13 , 0 , 0 , 1 , 0 , 7 , 1 , 0 , 6 ,  ,  ,  , 2 , 6 , 1 , 2 , 1 , 0 , 1 , 1 , 1 , 2 , 9 , 5 ,  ,  ,  ,  ,  ,  ,  ,  ,  ,  ,  ,  , 1 , 1 , 13 , 4 , 4 , 3 , 1 , 1 , 6 , 2 , 0 , 12 ,  ,  ,  ,  ,  ,  ,  ,  ,  ,  ,  ,  , 3 , 2 , 0 , 0 , 0 , 0 , 0 , 1 , 0 , 0 , 0 , 4 , 0 , 0 , 0 , 0 , 0 , 0 , 0 , 2 , 16 , 8 , 2 , 0 , 0 , 0 , 0 , 0 , 0 , 0 , 0 , 25 , 0 , 0 , 0 , 2 
KIRGUIZTAN ,167 ,  ,  ,  ,  ,  ,  ,  ,  ,  ,  ,  ,  ,  ,  ,  ,  ,  ,  ,  ,  ,  ,  ,  ,  ,  ,  ,  ,  ,  ,  ,  ,  ,  ,  ,  ,  ,  ,  ,  ,  ,  ,  ,  ,  ,  ,  ,  ,  ,  ,  ,  ,  ,  ,  ,  ,  ,  ,  ,  ,  , 0 , 1 , 2 , 6 , 0 , 0 , 0 , 0 , 0 , 0 , 0 , 1 , 0 , 95 , 4 , 0 , 0 , 0 , 0 , 0 , 0 , 33 , 2 , 0 , 0 , 23 , 0 , 0 , 0 , 0 , 0 , 0 , 0 , 0 , 0 , 0 
LETONIA ,1604 , 25 , 37 , 55 , 23 , 10 , 28 , 12 , 22 , 13 ,  ,  ,  , 41 , 22 , 24 , 31 , 4 , 12 , 4 , 4 , 19 , 12 , 33 , 18 , 40 , 42 , 15 , 22 , 8 , 4 , 6 , 4 , 16 , 15 , 60 , 32 , 42 , 50 , 36 , 13 , 13 , 8 , 8 , 7 , 14 , 12 , 23 , 25 , 93 , 76 , 79 , 13 , 41 , 3 , 8 , 10 , 8 , 15 , 58 , 59 , 11 , 4 , 0 , 4 , 1 , 0 , 1 , 6 , 13 , 26 , 26 , 11 , 14 , 2 , 3 , 0 , 0 , 0 , 0 , 2 , 1 , 2 , 8 , 20 , 0 , 5 , 0 , 2 , 0 , 0 , 0 , 2 , 0 , 5 , 7 , 1 
LIECHTENSTEIN ,315 , 6 , 5 , 6 , 2 , 1 , 2 , 2 , 0 , 2 ,  ,  ,  , 6 , 7 , 5 , 2 , 1 , 1 , 3 , 2 , 2 , 3 , 2 , 9 , 3 , 2 , 1 , 4 , 2 , 0 , 2 , 6 , 1 , 2 , 15 , 14 , 1 , 6 , 13 , 6 , 2 , 0 , 0 , 0 , 1 , 1 , 2 , 5 , 10 , 3 , 6 , 8 , 1 , 1 , 5 , 2 , 0 , 10 , 6 , 7 , 2 , 5 , 14 , 7 , 0 , 0 , 0 , 0 , 4 , 4 , 5 , 1 , 5 , 2 , 0 , 0 , 4 , 1 , 1 , 3 , 0 , 8 , 0 , 5 , 0 , 0 , 1 , 1 , 0 , 0 , 0 , 22 , 0 , 0 , 1 , 2 
LITUANIA ,2850 , 54 , 64 , 37 , 30 , 9 , 11 , 7 , 9 , 17 ,  ,  ,  , 51 , 36 , 17 , 24 , 24 , 12 , 12 , 14 , 13 , 33 , 39 , 52 , 41 , 33 , 30 , 29 , 6 , 12 , 8 , 18 , 12 , 22 , 25 , 30 , 92 , 110 , 35 , 31 , 34 , 37 , 21 , 19 , 13 , 19 , 34 , 40 , 59 , 40 , 43 , 38 , 35 , 27 , 72 , 28 , 26 , 19 , 76 , 34 , 38 , 60 , 58 , 34 , 16 , 24 , 31 , 18 , 12 , 53 , 63 , 44 , 73 , 22 , 36 , 29 , 45 , 26 , 46 , 30 , 41 , 13 , 73 , 32 , 3 , 12 , 17 , 4 , 24 , 5 , 4 , 9 , 4 , 2 , 13 , 23 
LUXEMBURGO ,2851 , 114 , 44 , 41 , 23 , 7 , 6 , 18 , 23 , 11 ,  ,  ,  , 34 , 29 , 40 , 23 , 6 , 5 , 20 , 21 , 32 , 17 , 39 , 41 , 80 , 39 , 28 , 13 , 9 , 3 , 12 , 14 , 14 , 33 , 40 , 46 , 41 , 63 , 32 , 14 , 1 , 4 , 14 , 39 , 12 , 19 , 51 , 68 , 47 , 53 , 53 , 12 , 6 , 7 , 26 , 36 , 13 , 11 , 38 , 57 , 149 , 40 , 38 , 38 , 8 , 9 , 21 , 15 , 17 , 17 , 74 , 57 , 57 , 95 , 25 , 13 , 7 , 2 , 39 , 13 , 11 , 13 , 54 , 56 , 36 , 44 , 42 , 29 , 4 , 3 , 16 , 31 , 10 , 40 , 45 , 41 
MACEDONIA ,128 , 6 , 5 , 8 , 0 , 3 , 2 , 1 , 0 , 1 ,  ,  ,  , 6 , 8 , 3 , 1 , 1 , 0 , 0 , 1 , 1 , 3 , 3 , 5 , 9 , 3 , 2 , 1 , 3 , 4 , 1 , 1 , 1 , 4 , 0 , 2 ,  ,  ,  ,  ,  ,  ,  ,  ,  ,  ,  ,  , 1 , 1 , 6 , 2 , 0 , 0 , 0 , 1 , 1 , 0 , 7 , 4 , 0 , 0 , 1 , 0 , 0 , 0 , 1 , 0 , 0 , 0 , 5 , 1 , 0 , 2 , 0 , 0 , 0 , 0 , 0 , 0 , 5 , 1 , 0 , 0 ,  ,  ,  ,  ,  ,  ,  ,  ,  ,  ,  ,  
MALTA ,1216 , 62 , 34 , 17 , 7 , 30 , 2 , 1 , 5 , 14 ,  ,  ,  , 36 , 43 , 14 , 5 , 6 , 2 , 3 , 2 , 3 , 3 , 13 , 3 , 22 , 70 , 21 , 3 , 4 , 5 , 2 , 1 , 6 , 5 , 3 , 23 , 53 , 38 , 53 , 27 , 4 , 2 , 6 , 4 , 3 , 5 , 2 , 10 , 33 , 27 , 3 , 4 , 7 , 2 , 4 , 4 , 2 , 7 , 14 , 6 , 45 , 66 , 10 , 2 , 5 , 7 , 4 , 7 , 7 , 6 , 17 , 40 , 11 , 7 , 21 , 5 , 2 , 2 , 14 , 4 , 3 , 5 , 7 , 22 , 18 , 14 , 9 , 4 , 3 , 0 , 32 , 3 , 1 , 8 , 1 , 14 
MOLDAVIA ,109 , 1 , 0 , 3 , 0 , 3 , 1 , 1 , 2 , 1 ,  ,  ,  , 1 , 3 , 2 , 1 , 1 , 0 , 1 , 2 , 5 , 1 , 2 , 7 , 3 , 2 , 1 , 0 , 1 , 0 , 0 , 1 , 1 , 0 , 3 , 3 ,  ,  ,  ,  ,  ,  ,  ,  ,  ,  ,  ,  , 4 , 5 , 1 , 4 , 1 , 1 , 3 , 1 , 1 , 3 , 3 , 1 , 2 , 1 , 1 , 0 , 2 , 0 , 0 , 0 , 2 , 2 , 0 , 1 , 1 , 0 , 0 , 0 , 0 , 0 , 0 , 0 , 3 , 0 , 1 , 0 , 0 , 3 , 4 , 0 , 0 , 0 , 0 , 0 , 2 , 0 , 0 , 3 
MONACO ,250 , 3 , 3 , 6 , 0 , 1 , 0 , 0 , 0 , 4 ,  ,  ,  , 5 , 0 , 1 , 0 , 0 , 0 , 3 , 0 , 2 , 12 , 0 , 1 , 6 , 0 , 0 , 0 , 1 , 0 , 1 , 1 , 0 , 1 , 6 , 3 , 22 , 15 , 0 , 3 , 0 , 0 , 2 , 0 , 2 , 2 , 3 , 1 ,  ,  ,  ,  ,  ,  ,  ,  ,  ,  ,  ,  , 6 , 12 , 5 , 1 , 2 , 0 , 4 , 0 , 2 , 1 , 4 , 4 , 0 , 12 , 5 , 3 , 0 , 1 , 0 , 0 , 0 , 7 , 4 , 9 , 6 , 8 , 1 , 0 , 1 , 19 , 1 , 3 , 1 , 0 , 6 , 12 
MONTENEGRO ,5 ,  ,  ,  ,  ,  ,  ,  ,  ,  ,  ,  ,  ,  ,  ,  ,  ,  ,  ,  ,  ,  ,  ,  ,  ,  ,  ,  ,  ,  ,  ,  ,  ,  ,  ,  ,  ,  ,  ,  ,  ,  ,  ,  ,  ,  ,  ,  ,  ,  ,  ,  ,  ,  ,  ,  ,  ,  ,  ,  ,  , 0 , 0 , 0 , 0 , 0 , 0 , 0 , 0 , 0 , 3 , 1 , 1 ,  ,  ,  ,  ,  ,  ,  ,  ,  ,  ,  ,  ,  ,  ,  ,  ,  ,  ,  ,  ,  ,  ,  ,  
NORUEGA ,47494 , 1092 , 830 , 658 , 373 , 224 , 233 , 242 , 211 , 315 ,  ,  ,  , 1039 , 754 , 621 , 384 , 239 , 224 , 258 , 164 , 222 , 390 , 630 , 1055 , 1145 , 1090 , 441 , 261 , 203 , 188 , 215 , 152 , 304 , 420 , 568 , 1014 , 1009 , 798 , 588 , 331 , 203 , 289 , 238 , 152 , 240 , 303 , 538 , 1056 , 1600 , 1076 , 786 , 256 , 158 , 264 , 229 , 131 , 291 , 397 , 678 , 1215 , 1155 , 846 , 773 , 370 , 154 , 264 , 307 , 177 , 279 , 460 , 771 , 1252 , 1289 , 895 , 701 , 264 , 179 , 278 , 196 , 195 , 205 , 290 , 603 , 1079 , 1058 , 643 , 519 , 267 , 139 , 251 , 227 , 194 , 226 , 394 , 561 , 1048 
OTROS PAISES DE EUROPA ,38122 , 688 , 552 , 353 , 320 , 134 , 129 , 190 , 121 , 148 ,  ,  ,  , 564 , 530 , 406 , 215 , 183 , 142 , 111 , 271 , 153 , 258 , 426 , 321 , 1585 , 1417 , 1200 , 533 , 497 , 218 , 359 , 391 , 321 , 431 , 1088 , 1038 , 1790 , 1061 , 1273 , 413 , 353 , 276 , 267 , 286 , 402 , 355 , 692 , 574 , 265 , 370 , 563 , 479 , 336 , 215 , 287 , 257 , 267 , 428 , 407 , 1229 , 310 , 289 , 286 , 198 , 82 , 45 , 1 , 2 , 1 , 3 , 4 , 5 , 375 , 321 , 179 , 152 , 91 , 1508 , 117 , 44 , 70 , 220 , 140 , 201 , 1422 , 419 , 213 , 125 , 130 , 100 , 2155 , 105 , 97 , 144 , 232 , 198 
POLONIA ,30759 , 772 , 651 , 536 , 302 , 140 , 104 , 123 , 142 , 145 ,  ,  ,  , 753 , 649 , 539 , 228 , 139 , 112 , 121 , 169 , 170 , 201 , 786 , 394 , 733 , 684 , 468 , 214 , 178 , 128 , 104 , 156 , 199 , 276 , 782 , 392 , 730 , 673 , 469 , 223 , 195 , 143 , 195 , 285 , 253 , 299 , 668 , 517 , 599 , 836 , 582 , 267 , 267 , 160 , 158 , 274 , 167 , 302 , 835 , 474 , 460 , 485 , 426 , 326 , 186 , 198 , 170 , 202 , 168 , 333 , 588 , 290 , 425 , 410 , 331 , 155 , 169 , 125 , 150 , 253 , 167 , 138 , 399 , 278 , 322 , 418 , 294 , 180 , 103 , 111 , 185 , 184 , 151 , 170 , 468 , 280 
PORTUGAL ,36434 , 694 , 476 , 479 , 410 , 274 , 256 , 264 , 392 , 317 ,  ,  ,  , 702 , 494 , 537 , 330 , 245 , 237 , 284 , 285 , 302 , 443 , 742 , 460 , 736 , 432 , 292 , 275 , 165 , 215 , 178 , 297 , 246 , 381 , 611 , 447 , 636 , 384 , 400 , 327 , 192 , 191 , 201 , 210 , 210 , 349 , 426 , 351 , 524 , 635 , 695 , 507 , 226 , 208 , 271 , 299 , 289 , 315 , 819 , 506 , 481 , 387 , 633 , 290 , 157 , 180 , 232 , 314 , 460 , 690 , 1060 , 482 , 579 , 659 , 612 , 499 , 265 , 163 , 171 , 236 , 350 , 406 , 540 , 434 , 377 , 351 , 370 , 279 , 196 , 113 , 243 , 318 , 273 , 390 , 632 , 543 
REPUBLICA CHECA ,4070 ,  ,  ,  ,  ,  ,  ,  ,  ,  ,  ,  ,  ,  ,  ,  ,  ,  ,  ,  ,  ,  ,  ,  ,  ,  ,  ,  ,  ,  ,  ,  ,  ,  ,  ,  ,  , 0 , 0 , 0 , 0 , 0 , 0 , 0 , 0 , 0 , 0 , 0 , 185 , 493 , 389 , 229 , 115 , 49 , 44 , 133 , 109 , 96 , 220 , 446 , 343 , 0 , 0 , 0 , 0 , 0 , 0 , 90 , 93 , 92 , 239 , 407 , 298 ,  ,  ,  ,  ,  ,  ,  ,  ,  ,  ,  ,  ,  ,  ,  ,  ,  ,  ,  ,  ,  ,  ,  ,  
RUMANIA ,8523 , 192 , 130 , 184 , 88 , 49 , 29 , 40 , 54 , 73 ,  ,  ,  , 145 , 110 , 135 , 82 , 58 , 25 , 47 , 34 , 83 , 150 , 170 , 151 , 175 , 100 , 94 , 61 , 38 , 42 , 37 , 46 , 71 , 67 , 128 , 94 , 138 , 100 , 113 , 85 , 32 , 37 , 37 , 41 , 86 , 59 , 84 , 178 , 168 , 141 , 96 , 160 , 46 , 44 , 44 , 50 , 126 , 43 , 182 , 147 , 140 , 98 , 306 , 184 , 53 , 73 , 66 , 56 , 53 , 85 , 168 , 105 , 105 , 104 , 129 , 50 , 81 , 36 , 98 , 55 , 111 , 82 , 110 , 188 , 89 , 120 , 79 , 77 , 41 , 36 , 39 , 41 , 40 , 83 , 45 , 78 
SAN MARINO ,208 ,  ,  ,  ,  ,  ,  ,  ,  ,  ,  ,  ,  , 2 , 0 , 7 , 2 , 0 , 0 , 1 , 0 , 0 , 0 , 1 , 0 , 4 , 4 , 2 , 0 , 0 , 1 , 0 , 0 , 0 , 0 , 2 , 3 ,  ,  ,  ,  ,  ,  ,  ,  ,  ,  ,  ,  , 6 , 2 , 4 , 2 , 0 , 1 , 0 , 8 , 0 , 0 , 4 , 2 , 5 , 5 , 65 , 0 , 1 , 1 , 3 , 4 , 0 , 2 , 0 , 2 , 15 , 0 , 5 , 1 , 0 , 1 , 1 , 2 , 1 , 3 , 3 , 5 , 0 , 2 , 7 , 0 , 3 , 0 , 3 , 0 , 2 , 2 , 2 , 4 
SERBIA ,2774 , 74 , 62 , 44 , 38 , 24 , 12 , 9 , 16 , 20 ,  ,  ,  , 97 , 42 , 28 , 15 , 12 , 12 , 14 , 11 , 24 , 25 , 31 , 24 , 62 , 34 , 15 , 24 , 5 , 15 , 15 , 9 , 16 , 21 , 15 , 38 , 95 , 34 , 21 , 13 , 19 , 11 , 18 , 18 , 13 , 13 , 34 , 26 , 48 , 14 , 68 , 21 , 13 , 7 , 3 , 6 , 6 , 23 , 41 , 32 , 16 , 27 , 6 , 32 , 11 , 11 , 7 , 16 , 8 , 28 , 26 , 15 , 99 , 96 , 57 , 18 , 17 , 8 , 28 , 36 , 21 , 12 , 33 , 32 , 16 , 109 , 63 , 39 , 38 , 21 , 41 , 54 , 31 , 83 , 80 , 39 
SUECIA ,98965 , 2640 , 1659 , 1189 , 580 , 372 , 450 , 375 , 394 , 541 ,  ,  ,  , 2777 , 1621 , 1254 , 545 , 387 , 382 , 367 , 336 , 439 , 656 , 1196 , 2981 , 2501 , 1662 , 918 , 508 , 425 , 281 , 392 , 352 , 644 , 613 , 1373 , 3042 , 2720 , 1373 , 1116 , 535 , 344 , 473 , 378 , 357 , 585 , 687 , 1140 , 2922 , 2589 , 1620 , 1233 , 588 , 343 , 487 , 470 , 406 , 615 , 719 , 1358 , 3320 , 2388 , 1454 , 1224 , 604 , 432 , 529 , 367 , 385 , 472 , 688 , 1360 , 3377 , 2467 , 1402 , 1126 , 529 , 371 , 440 , 362 , 362 , 460 , 721 , 1533 , 2569 , 1999 , 1262 , 1151 , 626 , 334 , 532 , 485 , 393 , 552 , 1255 , 1409 , 3115 
SUIZA ,143620 , 3376 , 2720 , 2048 , 1230 , 725 , 540 , 673 , 637 , 658 ,  ,  ,  , 3395 , 2408 , 1918 , 1147 , 679 , 508 , 648 , 535 , 825 , 1320 , 2587 , 2934 , 3705 , 2545 , 1860 , 905 , 617 , 489 , 725 , 642 , 707 , 1224 , 2535 , 2842 , 3569 , 2516 , 1953 , 1091 , 608 , 557 , 603 , 508 , 693 , 1252 , 2435 , 2870 , 3405 , 2671 , 2186 , 1020 , 562 , 427 , 707 , 604 , 751 , 1244 , 2746 , 3161 , 3482 , 2902 , 2046 , 1138 , 678 , 495 , 817 , 678 , 811 , 1325 , 2697 , 3356 , 2860 , 2496 , 1924 , 934 , 653 , 428 , 605 , 535 , 839 , 1443 , 2474 , 2899 , 2955 , 2277 , 1618 , 956 , 769 , 490 , 637 , 531 , 677 , 692 , 2295 , 2762 
TADJIKISTAN ,509 ,  ,  ,  ,  ,  ,  ,  ,  ,  ,  ,  ,  ,  ,  ,  ,  ,  ,  ,  ,  ,  ,  ,  ,  ,  ,  ,  ,  ,  ,  ,  ,  ,  ,  ,  ,  ,  ,  ,  ,  ,  ,  ,  ,  ,  ,  ,  ,  ,  ,  ,  ,  ,  ,  ,  ,  ,  ,  ,  ,  , 0 , 3 , 32 , 10 , 0 , 0 , 0 , 0 , 0 , 0 , 1 , 1 , 165 , 8 , 189 , 43 , 3 , 0 , 0 , 0 , 9 , 24 , 0 , 10 , 2 , 1 , 0 , 0 , 0 , 0 , 0 , 1 , 3 , 0 , 2 , 2 
TURKMENISTAN ,47 ,  ,  ,  ,  ,  ,  ,  ,  ,  ,  ,  ,  ,  ,  ,  ,  ,  ,  ,  ,  ,  ,  ,  ,  ,  ,  ,  ,  ,  ,  ,  ,  ,  ,  ,  ,  ,  ,  ,  ,  ,  ,  ,  ,  ,  ,  ,  ,  ,  ,  ,  ,  ,  ,  ,  ,  ,  ,  ,  ,  , 0 , 0 , 20 , 15 , 0 , 0 , 0 , 0 , 0 , 0 , 0 , 0 , 1 , 2 , 0 , 0 , 0 , 0 , 0 , 0 , 0 , 8 , 0 , 1 ,  ,  ,  ,  ,  ,  ,  ,  ,  ,  ,  ,  
UCRANIA ,8870 , 184 , 178 , 180 , 110 , 29 , 26 , 28 , 146 , 96 ,  ,  ,  , 132 , 102 , 78 , 72 , 46 , 41 , 34 , 28 , 24 , 77 , 75 , 101 , 89 , 56 , 72 , 21 , 54 , 30 , 51 , 56 , 33 , 49 , 59 , 94 , 154 , 49 , 72 , 74 , 28 , 18 , 23 , 34 , 19 , 47 , 67 , 74 , 191 , 116 , 159 , 70 , 80 , 51 , 38 , 63 , 40 , 58 , 80 , 155 , 179 , 135 , 192 , 124 , 109 , 168 , 177 , 191 , 117 , 282 , 129 , 210 , 117 , 66 , 122 , 122 , 197 , 139 , 147 , 242 , 85 , 125 , 94 , 108 , 88 , 50 , 128 , 75 , 128 , 40 , 41 , 153 , 53 , 122 , 95 , 109 
UZBEKISTAN ,93 ,  ,  ,  ,  ,  ,  ,  ,  ,  ,  ,  ,  ,  ,  ,  ,  ,  ,  ,  ,  ,  ,  ,  ,  ,  ,  ,  ,  ,  ,  ,  ,  ,  ,  ,  ,  ,  ,  ,  ,  ,  ,  ,  ,  ,  ,  ,  ,  ,  ,  ,  ,  ,  ,  ,  ,  ,  ,  ,  ,  , 0 , 0 , 17 , 40 , 5 , 0 , 0 , 1 , 2 , 1 , 0 , 0 , 0 , 4 , 2 , 1 , 0 , 0 , 0 , 0 , 2 , 0 , 1 , 0 , 2 , 0 , 0 , 0 , 0 , 0 , 0 , 15 , 0 , 0 , 0 , 0 
OCEANIA ,345708 ,5195 ,4144 ,5465 ,4927 ,3715 ,3796 ,3342 ,3563 ,4796 ,0 ,0 ,0 ,4375 ,4520 ,4118 ,3619 ,2916 ,2251 ,2312 ,2306 ,2795 ,3381 ,4717 ,4190 ,4572 ,3962 ,4067 ,3735 ,2602 ,2447 ,2304 ,2452 ,3581 ,3693 ,4691 ,4393 ,4585 ,4638 ,4841 ,4001 ,2618 ,2426 ,2623 ,2790 ,3627 ,3900 ,4780 ,4820 ,5108 ,4640 ,5319 ,4434 ,2911 ,2677 ,2536 ,3116 ,4084 ,4114 ,4971 ,4703 ,5218 ,4252 ,4184 ,3359 ,2825 ,2398 ,2607 ,2858 ,3970 ,3901 ,5344 ,5267 ,4650 ,3757 ,4051 ,3502 ,3020 ,2436 ,2848 ,2719 ,3657 ,3931 ,4390 ,4542 ,3763 ,2857 ,3462 ,2984 ,2494 ,1938 ,2278 ,2157 ,3614 ,3589 ,4663 ,5019 
AUSTRALIA ,276688 , 4488 , 3642 , 4621 , 4060 , 3140 , 3117 , 2731 , 2942 , 3820 ,  ,  ,  , 3566 , 3711 , 3337 , 2809 , 2263 , 1703 , 1733 , 1696 , 2309 , 2721 , 3963 , 3510 , 3749 , 3373 , 3390 , 2891 , 1975 , 1832 , 1649 , 1824 , 2695 , 2966 , 3840 , 3597 , 3699 , 3943 , 3941 , 3187 , 2039 , 1870 , 1990 , 2244 , 2891 , 2930 , 3837 , 3747 , 4196 , 3950 , 4322 , 3563 , 2310 , 2033 , 1918 , 2349 , 3245 , 3274 , 4019 , 3834 , 4201 , 3475 , 3234 , 2496 , 2206 , 1765 , 2006 , 2143 , 3116 , 3129 , 4462 , 4283 , 3690 , 2970 , 3207 , 2677 , 2244 , 1691 , 2218 , 2017 , 2808 , 3158 , 3674 , 3703 , 3027 , 2388 , 2873 , 2361 , 1854 , 1464 , 1784 , 1685 , 2795 , 2922 , 3827 , 4141 
NUEVA ZELANDIA ,65834 , 691 , 500 , 839 , 864 , 572 , 672 , 610 , 619 , 971 ,  ,  ,  , 802 , 807 , 775 , 805 , 653 , 546 , 572 , 606 , 484 , 656 , 746 , 673 , 818 , 585 , 672 , 838 , 625 , 607 , 648 , 617 , 860 , 725 , 835 , 795 , 884 , 683 , 895 , 807 , 566 , 537 , 632 , 543 , 736 , 962 , 941 , 895 , 909 , 689 , 994 , 831 , 601 , 635 , 617 , 745 , 826 , 825 , 935 , 859 , 947 , 632 , 763 , 779 , 596 , 477 , 583 , 688 , 838 , 758 , 860 , 949 , 894 , 650 , 709 , 731 , 700 , 682 , 603 , 532 , 761 , 690 , 646 , 752 , 669 , 437 , 487 , 608 , 574 , 387 , 476 , 454 , 655 , 587 , 816 , 829 
OTROS PAISES DE OCEANIA ,2616 , 16 , 2 , 5 , 3 , 3 , 7 , 1 , 2 , 5 ,  ,  ,  , 7 , 2 , 6 , 5 , 0 , 2 , 7 , 4 , 2 , 4 , 8 , 7 , 5 , 4 , 5 , 6 , 2 , 8 , 7 , 11 , 26 , 2 , 16 , 1 , 2 , 12 , 5 , 7 , 13 , 19 , 1 , 3 , 0 , 8 , 2 , 178 , 3 , 1 , 2 , 30 , 0 , 8 , 1 , 22 , 13 , 15 , 6 , 10 , 61 , 124 , 137 , 45 , 23 , 156 , 11 , 26 , 14 , 4 , 12 , 32 , 34 , 96 , 79 , 73 , 76 , 40 , 27 , 168 , 66 , 79 , 60 , 76 , 47 , 25 , 87 , 15 , 5 , 87 , 7 , 6 , 158 , 60 , 10 , 38 
SAMOA ,247 ,  ,  ,  ,  ,  ,  ,  ,  ,  ,  ,  ,  ,  ,  ,  ,  ,  ,  ,  ,  ,  ,  ,  ,  ,  ,  ,  ,  ,  ,  ,  ,  ,  ,  ,  ,  ,  ,  ,  ,  ,  ,  ,  ,  ,  ,  ,  ,  ,  ,  ,  ,  ,  ,  ,  ,  ,  ,  ,  ,  , 2 , 11 , 47 , 22 , 0 , 0 , 0 , 1 , 1 , 0 , 0 , 0 , 32 , 24 , 40 , 19 , 0 , 0 , 0 , 0 , 4 , 3 , 0 , 11 , 0 , 5 , 5 , 0 , 0 , 0 , 1 , 2 , 6 , 0 , 0 , 11 
TUVALU ,323 ,  ,  ,  ,  ,  ,  ,  ,  ,  ,  ,  ,  ,  ,  ,  ,  ,  ,  ,  ,  ,  ,  ,  ,  ,  ,  ,  ,  ,  ,  ,  ,  ,  ,  ,  ,  ,  ,  ,  ,  ,  ,  ,  ,  ,  ,  ,  ,  , 0 , 0 , 1 , 10 , 0 , 1 , 0 , 0 , 0 , 0 , 11 , 0 , 7 , 10 , 3 , 17 , 0 , 0 , 7 , 0 , 1 , 10 , 10 , 3 , 0 , 17 , 16 , 2 , 0 , 23 , 0 , 2 , 18 , 1 , 10 , 0 , 20 , 2 , 10 , 0 , 61 , 0 , 10 , 10 , 0 , 20 , 10 , 0 
AFRICA ,34148 ,624 ,364 ,535 ,439 ,260 ,264 ,230 ,305 ,319 ,0 ,0 ,0 ,549 ,408 ,475 ,362 ,249 ,208 ,223 ,254 ,360 ,426 ,500 ,516 ,540 ,376 ,424 ,379 ,315 ,233 ,177 ,232 ,278 ,516 ,408 ,698 ,455 ,305 ,363 ,500 ,277 ,219 ,312 ,192 ,246 ,413 ,453 ,481 ,484 ,649 ,481 ,494 ,290 ,285 ,362 ,363 ,286 ,396 ,462 ,647 ,382 ,340 ,612 ,400 ,266 ,209 ,221 ,354 ,266 ,309 ,487 ,543 ,445 ,394 ,450 ,303 ,269 ,191 ,198 ,245 ,252 ,290 ,449 ,756 ,376 ,239 ,318 ,285 ,245 ,156 ,308 ,257 ,348 ,242 ,402 ,480 
ANGOLA ,509 , 3 , 3 , 1 , 4 , 0 , 0 , 5 , 0 , 3 ,  ,  ,  , 2 , 6 , 2 , 0 , 1 , 5 , 4 , 0 , 6 , 14 , 9 , 3 , 2 , 3 , 0 , 2 , 1 , 3 , 1 , 0 , 0 , 8 , 0 , 8 , 6 , 4 , 3 , 4 , 0 , 4 , 3 , 3 , 3 , 16 , 10 , 3 , 30 , 2 , 10 , 1 , 5 , 4 , 7 , 2 , 14 , 5 , 4 , 5 , 6 , 3 , 58 , 4 , 8 , 0 , 4 , 4 , 1 , 8 , 42 , 2 , 2 , 4 , 5 , 7 , 0 , 14 , 16 , 0 , 0 , 18 , 15 , 2 , 5 , 2 , 1 , 2 , 2 , 2 , 2 , 8 , 0 , 2 , 6 , 7 
ARGELIA ,723 , 4 , 0 , 3 , 1 , 0 , 2 , 0 , 1 , 3 ,  ,  ,  , 0 , 16 , 11 , 1 , 4 , 0 , 1 , 1 , 1 , 5 , 4 , 11 , 4 , 27 , 1 , 0 , 4 , 1 , 3 , 1 , 2 , 1 , 4 , 46 , 1 , 4 , 22 , 18 , 4 , 36 , 50 , 2 , 1 , 2 , 8 , 3 , 11 , 205 , 2 , 2 , 0 , 2 , 0 , 3 , 2 , 6 , 7 , 3 , 1 , 3 , 13 , 7 , 1 , 2 , 59 , 7 , 1 , 14 , 2 , 15 , 3 , 0 , 2 , 1 , 0 , 1 , 1 , 0 , 0 , 1 , 6 , 4 , 4 , 3 , 3 , 1 , 1 , 1 , 3 , 0 , 0 , 1 , 5 , 0 
CABO VERDE ,69 , 2 , 1 , 0 , 0 , 0 , 2 , 0 , 1 , 5 ,  ,  ,  ,  ,  ,  ,  ,  ,  ,  ,  ,  ,  ,  ,  ,  ,  ,  ,  ,  ,  ,  ,  ,  ,  ,  ,  , 0 , 3 , 0 , 1 , 8 , 0 , 2 , 0 , 0 , 0 , 1 , 3 ,  ,  ,  ,  ,  ,  ,  ,  ,  ,  ,  ,  , 6 , 0 , 0 , 0 , 0 , 0 , 2 , 0 , 0 , 0 , 3 , 3 , 0 , 0 , 0 , 1 , 0 , 0 , 1 , 1 , 0 , 1 , 2 , 1 , 1 , 2 , 2 , 2 , 3 , 0 , 1 , 1 , 1 , 2 , 2 , 2 
EGIPTO ,787 , 11 , 7 , 10 , 19 , 8 , 9 , 9 , 6 , 9 ,  ,  ,  , 9 , 8 , 7 , 9 , 5 , 8 , 19 , 2 , 6 , 9 , 28 , 9 , 10 , 10 , 4 , 7 , 10 , 9 , 5 , 5 , 6 , 6 , 9 , 9 , 22 , 9 , 3 , 0 , 11 , 3 , 2 , 5 , 3 , 2 , 12 , 9 , 9 , 9 , 20 , 6 , 7 , 3 , 12 , 9 , 3 , 9 , 12 , 20 , 12 , 1 , 4 , 13 , 5 , 8 , 3 , 8 , 1 , 12 , 14 , 16 , 8 , 10 , 11 , 9 , 4 , 5 , 5 , 8 , 4 , 12 , 9 , 3 , 3 , 15 , 3 , 12 , 33 , 3 , 5 , 4 , 12 , 3 , 4 , 8 
ETIOPIA ,28 ,  ,  ,  ,  ,  ,  ,  ,  ,  ,  ,  ,  ,  ,  ,  ,  ,  ,  ,  ,  ,  ,  ,  ,  ,  ,  ,  ,  ,  ,  ,  ,  ,  ,  ,  ,  ,  ,  ,  ,  ,  ,  ,  ,  ,  ,  ,  ,  , 5 , 8 , 1 , 1 , 0 , 9 , 0 , 0 , 0 , 2 , 1 , 1 ,  ,  ,  ,  ,  ,  ,  ,  ,  ,  ,  ,  ,  ,  ,  ,  ,  ,  ,  ,  ,  ,  ,  ,  ,  ,  ,  ,  ,  ,  ,  ,  ,  ,  ,  ,  
GHANA ,266 , 9 , 1 , 2 , 5 , 0 , 2 , 7 , 2 , 1 ,  ,  ,  ,  ,  ,  ,  ,  ,  ,  ,  ,  ,  ,  ,  , 2 , 1 , 3 , 1 , 1 , 7 , 3 , 5 , 2 , 12 , 8 , 2 ,  ,  ,  ,  ,  ,  ,  ,  ,  ,  ,  ,  , 6 , 2 , 2 , 1 , 1 , 0 , 1 , 1 , 1 , 3 , 4 , 1 , 0 , 0 , 2 , 1 , 1 , 3 , 3 , 3 , 3 , 4 , 4 , 2 , 1 , 0 , 1 , 1 , 0 , 1 , 0 , 0 , 0 , 3 , 3 , 120 , 0 , 0 , 1 , 1 , 0 , 0 , 4 , 0 , 0 , 0 , 0 , 5 
KENIA ,461 , 6 , 3 , 11 , 7 , 3 , 0 , 5 , 1 , 2 ,  ,  ,  , 3 , 2 , 8 , 15 , 3 , 1 , 2 , 3 , 2 , 1 , 4 , 7 , 7 , 1 , 3 , 8 , 5 , 3 , 1 , 2 , 1 , 4 , 7 , 15 , 8 , 3 , 15 , 2 , 4 , 1 , 5 , 2 , 5 , 3 , 5 , 10 , 4 , 11 , 10 , 2 , 1 , 6 , 7 , 7 , 5 , 6 , 11 , 4 , 8 , 1 , 7 , 3 , 2 , 1 , 3 , 9 , 4 , 3 , 3 , 7 , 6 , 2 , 14 , 6 , 5 , 2 , 2 , 12 , 1 , 2 , 7 , 3 , 14 , 3 , 5 , 2 , 9 , 5 , 4 , 2 , 8 , 4 , 2 , 7 
LIBIA ,17 ,  ,  ,  ,  ,  ,  ,  ,  ,  ,  ,  ,  ,  ,  ,  ,  ,  ,  ,  ,  ,  ,  ,  ,  ,  ,  ,  ,  ,  ,  ,  ,  ,  ,  ,  ,  ,  ,  ,  ,  ,  ,  ,  ,  ,  ,  ,  ,  ,  ,  ,  ,  ,  ,  ,  ,  ,  ,  ,  ,  , 1 , 0 , 1 , 1 , 1 , 0 , 0 , 0 , 1 , 0 , 0 , 1 , 0 , 0 , 2 , 0 , 0 , 1 , 0 , 0 , 0 , 0 , 0 , 1 , 0 , 0 , 1 , 0 , 0 , 3 , 0 , 2 , 0 , 1 , 0 , 0 
MARRUECOS ,984 , 10 , 6 , 15 , 32 , 12 , 6 , 7 , 20 , 15 ,  ,  ,  , 11 , 9 , 13 , 16 , 6 , 2 , 9 , 3 , 9 , 7 , 20 , 17 , 10 , 10 , 9 , 10 , 5 , 9 , 6 , 5 , 5 , 10 , 37 , 29 , 10 , 18 , 19 , 14 , 4 , 7 , 8 , 5 , 5 , 13 , 6 , 13 , 10 , 9 , 16 , 36 , 7 , 15 , 13 , 14 , 7 , 10 , 14 , 6 , 17 , 5 , 62 , 6 , 2 , 3 , 7 , 6 , 10 , 10 , 10 , 12 , 4 , 24 , 35 , 4 , 3 , 4 , 5 , 0 , 5 , 3 , 11 , 13 , 8 , 6 , 2 , 7 , 4 , 1 , 2 , 3 , 10 , 1 , 7 , 3 
NIGERIA ,517 , 6 , 3 , 6 , 8 , 4 , 13 , 4 , 3 , 4 ,  ,  ,  , 1 , 4 , 4 , 1 , 20 , 1 , 1 , 2 , 1 , 21 , 4 , 4 , 11 , 7 , 3 , 4 , 4 , 5 , 0 , 4 , 6 , 10 , 2 , 33 , 2 , 6 , 3 , 2 , 5 , 1 , 3 , 0 , 10 , 6 , 2 , 0 , 2 , 0 , 3 , 0 , 3 , 4 , 3 , 6 , 6 , 3 , 47 , 7 , 5 , 4 , 4 , 0 , 8 , 2 , 3 , 4 , 4 , 6 , 2 , 0 , 5 , 7 , 12 , 1 , 1 , 1 , 0 , 3 , 4 , 7 , 14 , 4 , 1 , 3 , 11 , 2 , 0 , 1 , 40 , 22 , 1 , 1 , 5 , 1 
OTROS PAISES DE AFRICA ,3370 , 36 , 73 , 22 , 61 , 20 , 19 , 15 , 16 , 41 ,  ,  ,  , 42 , 21 , 59 , 35 , 17 , 22 , 12 , 15 , 41 , 26 , 42 , 31 , 28 , 23 , 15 , 23 , 115 , 66 , 13 , 15 , 31 , 33 , 37 , 98 , 35 , 22 , 25 , 45 , 53 , 17 , 22 , 20 , 25 , 32 , 47 , 16 , 36 , 47 , 25 , 92 , 38 , 26 , 35 , 63 , 23 , 48 , 43 , 42 , 41 , 50 , 111 , 128 , 42 , 26 , 10 , 5 , 19 , 24 , 42 , 43 , 49 , 31 , 55 , 39 , 39 , 7 , 17 , 14 , 16 , 45 , 70 , 61 , 15 , 25 , 23 , 16 , 24 , 14 , 16 , 13 , 53 , 29 , 54 , 64 
SOMALIA ,13 ,  ,  ,  ,  ,  ,  ,  ,  ,  ,  ,  ,  ,  ,  ,  ,  ,  ,  ,  ,  ,  ,  ,  ,  ,  ,  ,  ,  ,  ,  ,  ,  ,  ,  ,  ,  ,  ,  ,  ,  ,  ,  ,  ,  ,  ,  ,  ,  ,  ,  ,  ,  ,  ,  ,  ,  ,  ,  ,  ,  , 1 , 1 , 0 , 1 , 0 , 1 , 0 , 0 , 0 , 0 , 0 , 0 , 1 , 3 , 2 , 1 , 1 , 0 , 1 , 0 , 0 , 0 , 0 , 0 ,  ,  ,  ,  ,  ,  ,  ,  ,  ,  ,  ,  
SUDAFRICA ,25644 , 528 , 258 , 417 , 296 , 207 , 210 , 176 , 251 , 233 ,  ,  ,  , 480 , 337 , 353 , 281 , 192 , 167 , 174 , 226 , 289 , 338 , 381 , 424 , 458 , 284 , 380 , 296 , 151 , 125 , 143 , 192 , 222 , 419 , 302 , 458 , 368 , 223 , 271 , 413 , 185 , 147 , 216 , 150 , 184 , 332 , 317 , 421 , 366 , 349 , 390 , 340 , 222 , 211 , 276 , 253 , 224 , 297 , 313 , 552 , 280 , 271 , 335 , 210 , 193 , 149 , 119 , 307 , 206 , 227 , 361 , 440 , 348 , 295 , 294 , 188 , 203 , 151 , 146 , 206 , 221 , 192 , 278 , 541 , 317 , 167 , 264 , 239 , 169 , 125 , 226 , 199 , 232 , 188 , 308 , 381 
TUNEZ ,424 , 8 , 6 , 43 , 3 , 3 , 1 , 1 , 2 , 3 ,  ,  ,  , 1 , 2 , 8 , 1 , 0 , 0 , 1 , 1 , 0 , 4 , 2 , 10 , 2 , 8 , 3 , 4 , 5 , 1 , 1 , 2 , 2 , 1 , 2 , 0 , 1 , 12 , 2 , 1 , 1 , 1 , 1 , 1 , 2 , 0 , 4 , 1 , 1 , 4 , 0 , 11 , 4 , 3 , 6 , 1 , 0 , 2 , 4 , 4 , 3 , 0 , 6 , 18 , 2 , 13 , 4 , 0 , 5 , 1 , 2 , 2 , 15 , 14 , 11 , 41 , 8 , 0 , 2 , 1 , 0 , 2 , 32 , 1 , 6 , 13 , 1 , 1 , 0 , 1 , 5 , 1 , 2 , 4 , 8 , 1 
ZAIRE ,22 ,  ,  ,  ,  ,  ,  ,  ,  ,  ,  ,  ,  ,  ,  ,  ,  ,  ,  ,  ,  ,  ,  ,  ,  ,  ,  ,  ,  ,  ,  ,  ,  ,  ,  ,  ,  ,  ,  ,  ,  ,  ,  ,  ,  ,  ,  ,  ,  ,  ,  ,  ,  ,  ,  ,  ,  ,  ,  ,  ,  , 0 , 0 , 9 , 8 , 1 , 0 , 0 , 0 , 0 , 0 , 0 , 0 , 0 , 0 , 0 , 0 , 1 , 0 , 0 , 0 , 1 , 1 , 0 , 1 ,  ,  ,  ,  ,  ,  ,  ,  ,  ,  ,  ,  
ZIMBABWE ,314 , 1 , 3 , 5 , 3 , 3 , 0 , 1 , 2 , 0 ,  ,  ,  , 0 , 3 , 10 , 3 , 1 , 2 , 0 , 1 , 5 , 1 , 6 , 0 , 6 , 2 , 3 , 24 , 14 , 4 , 1 , 1 , 1 , 12 , 0 , 0 , 2 , 1 , 0 , 0 , 2 , 2 , 0 , 4 , 8 , 7 , 41 , 2 , 4 , 3 , 2 , 2 , 2 , 2 , 2 , 4 , 1 , 5 , 2 , 2 , 1 , 1 , 0 , 0 , 0 , 1 , 4 , 1 , 11 , 0 , 2 , 0 , 3 , 4 , 6 , 4 , 4 , 4 , 2 , 0 , 0 , 3 , 2 , 1 , 2 , 0 , 1 , 0 , 0 , 0 , 0 , 2 , 29 , 6 , 1 , 1 
ASIA ,331557 ,5370 ,5669 ,5613 ,4278 ,3240 ,3085 ,2717 ,3445 ,3262 ,0 ,0 ,0 ,5654 ,4711 ,4816 ,2930 ,2930 ,2358 ,2282 ,2767 ,3250 ,3225 ,4499 ,4859 ,5039 ,5355 ,3351 ,2666 ,2653 ,1911 ,2409 ,2198 ,2128 ,2592 ,3705 ,5061 ,4246 ,3637 ,4806 ,3041 ,2128 ,1807 ,1811 ,2298 ,2367 ,2399 ,3650 ,4045 ,5501 ,5119 ,6042 ,4229 ,2739 ,2324 ,2259 ,2382 ,2361 ,2575 ,3474 ,4311 ,5457 ,4559 ,4986 ,3686 ,3074 ,3127 ,2637 ,2906 ,2820 ,3570 ,5502 ,5951 ,4806 ,5369 ,4455 ,3122 ,3183 ,2646 ,2753 ,3193 ,3085 ,3065 ,3785 ,4434 ,4768 ,3684 ,3683 ,4105 ,2746 ,2290 ,2234 ,2649 ,2649 ,2591 ,4453 ,3955 
BANGLADESH ,283 , 2 , 1 , 2 , 0 , 1 , 1 , 1 , 0 , 2 ,  ,  ,  , 1 , 2 , 2 , 5 , 7 , 2 , 2 , 1 , 0 , 2 , 3 , 2 , 1 , 2 , 0 , 8 , 15 , 9 , 11 , 1 , 6 , 1 , 1 , 2 , 7 , 2 , 1 , 2 , 2 , 5 , 3 , 3 , 1 , 1 , 1 , 0 , 3 , 8 , 8 , 7 , 5 , 1 , 2 , 5 , 2 , 6 , 3 , 2 , 0 , 2 , 8 , 0 , 8 , 11 , 1 , 1 , 3 , 2 , 2 , 1 , 3 , 1 , 2 , 8 , 8 , 2 , 4 , 2 , 3 , 2 , 3 , 1 , 2 , 0 , 0 , 4 , 0 , 0 , 0 , 21 , 0 , 0 , 0 , 2 
BHUTAN ,19 ,  ,  ,  ,  ,  ,  ,  ,  ,  ,  ,  ,  ,  ,  ,  ,  ,  ,  ,  ,  ,  ,  ,  ,  ,  ,  ,  ,  ,  ,  ,  ,  ,  ,  ,  ,  ,  ,  ,  ,  ,  ,  ,  ,  ,  ,  ,  ,  ,  ,  ,  ,  ,  ,  ,  ,  ,  ,  ,  ,  ,  ,  ,  ,  ,  ,  ,  ,  ,  ,  ,  ,  , 0 , 1 , 0 , 0 , 1 , 0 , 0 , 0 , 0 , 0 , 3 , 0 , 0 , 1 , 3 , 0 , 0 , 0 , 1 , 0 , 7 , 0 , 2 , 0 
BRUNEI ,43 ,  ,  ,  ,  ,  ,  ,  ,  ,  ,  ,  ,  , 0 , 19 , 0 , 0 , 0 , 1 , 0 , 0 , 0 , 0 , 0 , 0 ,  ,  ,  ,  ,  ,  ,  ,  ,  ,  ,  ,  ,  ,  ,  ,  ,  ,  ,  ,  ,  ,  ,  ,  ,  ,  ,  ,  ,  ,  ,  ,  ,  ,  ,  ,  , 0 , 1 , 3 , 1 , 0 , 0 , 0 , 0 , 0 , 3 , 0 , 0 , 2 , 0 , 2 , 0 , 1 , 2 , 1 , 0 , 0 , 0 , 0 , 0 , 0 , 0 , 0 , 0 , 1 , 0 , 0 , 5 , 1 , 0 , 0 , 0 
CAMBOYA ,98 ,  ,  ,  ,  ,  ,  ,  ,  ,  ,  ,  ,  ,  ,  ,  ,  ,  ,  ,  ,  ,  ,  ,  ,  ,  ,  ,  ,  ,  ,  ,  ,  ,  ,  ,  ,  ,  ,  ,  ,  ,  ,  ,  ,  ,  ,  ,  ,  ,  ,  ,  ,  ,  ,  ,  ,  ,  ,  ,  ,  , 0 , 0 , 0 , 0 , 1 , 0 , 1 , 2 , 0 , 1 , 0 , 1 , 0 , 6 , 1 , 60 , 0 , 0 , 0 , 0 , 2 , 0 , 7 , 3 , 1 , 12 , 0 , 0 , 0 , 0 , 0 , 0 , 0 , 0 , 0 , 0 
CHINA ,61972 , 932 , 972 , 1115 , 1158 , 954 , 901 , 734 , 1096 , 792 ,  ,  ,  , 874 , 619 , 838 , 716 , 854 , 757 , 612 , 869 , 1000 , 899 , 1233 , 1255 , 643 , 429 , 436 , 451 , 530 , 426 , 538 , 521 , 427 , 687 , 907 , 983 , 513 , 564 , 673 , 505 , 438 , 378 , 320 , 589 , 418 , 456 , 834 , 768 , 552 , 528 , 718 , 782 , 555 , 425 , 447 , 445 , 417 , 436 , 721 , 712 , 732 , 458 , 620 , 609 , 598 , 775 , 524 , 556 , 673 , 767 , 1229 , 975 , 651 , 577 , 709 , 491 , 778 , 340 , 500 , 565 , 739 , 514 , 834 , 1009 , 1197 , 410 , 507 , 548 , 299 , 422 , 435 , 371 , 232 , 488 , 863 , 625 
COREA DEL NORTE ,4256 , 38 , 57 , 44 , 46 , 77 , 9 , 22 , 16 , 17 ,  ,  ,  , 38 , 41 , 44 , 11 , 28 , 11 , 16 , 11 , 20 , 28 , 68 , 44 , 80 , 66 , 45 , 35 , 17 , 9 , 14 , 13 , 12 , 12 , 15 , 28 , 107 , 40 , 47 , 40 , 20 , 16 , 13 , 10 , 8 , 14 , 20 , 25 , 233 , 109 , 25 , 37 , 42 , 26 , 53 , 16 , 29 , 37 , 58 , 51 , 79 , 70 , 44 , 106 , 112 , 20 , 37 , 23 , 50 , 25 , 61 , 184 , 76 , 131 , 61 , 80 , 57 , 34 , 27 , 46 , 35 , 20 , 45 , 39 , 62 , 65 , 92 , 88 , 50 , 58 , 20 , 41 , 22 , 78 , 65 , 45 
COREA DEL SUR ,60540 , 1462 , 1233 , 1233 , 951 , 683 , 908 , 552 , 538 , 684 ,  ,  ,  , 1422 , 879 , 1407 , 716 , 652 , 550 , 443 , 578 , 652 , 641 , 935 , 995 , 1335 , 786 , 623 , 503 , 435 , 382 , 252 , 252 , 182 , 284 , 645 , 959 , 924 , 676 , 601 , 534 , 436 , 382 , 438 , 426 , 431 , 520 , 525 , 795 , 1406 , 903 , 987 , 773 , 521 , 452 , 519 , 539 , 422 , 552 , 549 , 443 , 1449 , 709 , 805 , 566 , 521 , 522 , 475 , 500 , 442 , 464 , 672 , 625 , 1009 , 951 , 725 , 492 , 563 , 491 , 501 , 536 , 450 , 565 , 481 , 569 , 880 , 537 , 491 , 530 , 427 , 338 , 455 , 430 , 394 , 412 , 447 , 610 
FILIPINAS ,31476 , 170 , 248 , 249 , 203 , 93 , 66 , 125 , 242 , 194 ,  ,  ,  , 206 , 125 , 206 , 90 , 88 , 63 , 37 , 100 , 91 , 87 , 141 , 137 , 199 , 213 , 103 , 100 , 208 , 59 , 75 , 59 , 67 , 85 , 114 , 201 , 212 , 172 , 263 , 179 , 79 , 110 , 79 , 141 , 50 , 109 , 147 , 185 , 557 , 810 , 616 , 631 , 450 , 145 , 79 , 126 , 108 , 69 , 208 , 112 , 789 , 948 , 1106 , 866 , 646 , 755 , 385 , 533 , 311 , 664 , 1268 , 690 , 592 , 518 , 590 , 487 , 508 , 537 , 538 , 673 , 573 , 611 , 581 , 870 , 533 , 567 , 530 , 549 , 566 , 541 , 255 , 339 , 305 , 382 , 399 , 390 
HONG KONG ,540 ,  ,  ,  ,  ,  ,  ,  ,  ,  ,  ,  ,  ,  ,  ,  ,  ,  ,  ,  ,  ,  ,  ,  ,  ,  ,  ,  ,  ,  ,  ,  ,  ,  ,  ,  ,  , 0 , 0 , 0 , 0 , 0 , 0 , 0 , 0 , 0 , 0 , 0 , 113 , 71 , 67 , 53 , 29 , 10 , 12 , 9 , 15 , 10 , 17 , 21 , 38 , 0 , 0 , 0 , 0 , 0 , 0 , 3 , 4 , 6 , 5 , 23 , 34 ,  ,  ,  ,  ,  ,  ,  ,  ,  ,  ,  ,  ,  ,  ,  ,  ,  ,  ,  ,  ,  ,  ,  ,  
INDIA ,24258 , 286 , 174 , 380 , 226 , 203 , 195 , 264 , 238 , 247 ,  ,  ,  , 252 , 305 , 290 , 254 , 228 , 183 , 153 , 201 , 256 , 209 , 305 , 270 , 291 , 318 , 201 , 244 , 220 , 152 , 143 , 185 , 164 , 188 , 247 , 259 , 268 , 149 , 440 , 209 , 220 , 168 , 149 , 162 , 206 , 173 , 279 , 250 , 342 , 305 , 465 , 535 , 266 , 230 , 158 , 220 , 205 , 171 , 233 , 246 , 272 , 285 , 412 , 246 , 221 , 281 , 190 , 217 , 236 , 342 , 523 , 280 , 220 , 162 , 306 , 289 , 329 , 342 , 309 , 293 , 292 , 389 , 346 , 222 , 262 , 211 , 327 , 338 , 343 , 221 , 202 , 317 , 297 , 241 , 394 , 321 
INDONESIA ,4971 , 36 , 87 , 110 , 38 , 46 , 21 , 31 , 33 , 36 ,  ,  ,  , 175 , 166 , 86 , 29 , 34 , 26 , 57 , 19 , 24 , 43 , 70 , 86 , 113 , 199 , 70 , 29 , 43 , 12 , 36 , 40 , 25 , 26 , 101 , 66 , 60 , 66 , 53 , 42 , 18 , 7 , 29 , 19 , 18 , 30 , 58 , 26 , 314 , 121 , 48 , 36 , 21 , 16 , 27 , 39 , 43 , 91 , 43 , 46 , 79 , 43 , 135 , 33 , 9 , 17 , 61 , 19 , 17 , 65 , 176 , 80 , 65 , 108 , 94 , 50 , 6 , 22 , 51 , 28 , 39 , 34 , 13 , 26 , 41 , 78 , 37 , 39 , 23 , 6 , 32 , 44 , 15 , 13 , 34 , 55 
JAPON ,111840 , 1802 , 2075 , 1807 , 1182 , 834 , 675 , 742 , 969 , 975 ,  ,  ,  , 2123 , 1851 , 1324 , 810 , 739 , 593 , 739 , 788 , 931 , 934 , 1254 , 1529 , 1904 , 2727 , 1474 , 968 , 811 , 559 , 1166 , 909 , 893 , 1070 , 1212 , 2067 , 1801 , 1661 , 2171 , 1175 , 632 , 571 , 637 , 746 , 934 , 886 , 1508 , 1343 , 1669 , 1804 , 2581 , 1034 , 580 , 866 , 808 , 798 , 960 , 903 , 1210 , 2340 , 1788 , 1678 , 1357 , 878 , 729 , 542 , 817 , 926 , 933 , 929 , 1315 , 2782 , 1578 , 2535 , 1425 , 785 , 767 , 566 , 675 , 853 , 769 , 768 , 1089 , 1420 , 1505 , 1361 , 1465 , 1797 , 635 , 575 , 598 , 799 , 810 , 807 , 1970 , 1560 
LAOS ,660 ,  ,  ,  ,  ,  ,  ,  ,  ,  ,  ,  ,  ,  ,  ,  ,  ,  ,  ,  ,  ,  ,  ,  ,  ,  ,  ,  ,  ,  ,  ,  ,  ,  ,  ,  ,  ,  ,  ,  ,  ,  ,  ,  ,  ,  ,  ,  ,  ,  ,  ,  ,  ,  ,  ,  ,  ,  ,  ,  ,  , 6 , 70 , 106 , 42 , 2 , 34 , 0 , 0 , 0 , 0 , 0 , 0 , 133 , 71 , 150 , 19 , 2 , 0 , 1 , 0 , 3 , 5 , 1 , 1 , 3 , 2 , 1 , 0 , 0 , 0 , 0 , 2 , 5 , 0 , 0 , 1 
MALASIA ,5372 , 101 , 134 , 77 , 55 , 67 , 62 , 46 , 67 , 89 ,  ,  ,  , 45 , 120 , 67 , 86 , 51 , 35 , 27 , 33 , 100 , 64 , 110 , 43 , 59 , 110 , 58 , 64 , 46 , 51 , 26 , 30 , 44 , 32 , 75 , 106 , 41 , 56 , 57 , 129 , 97 , 20 , 37 , 48 , 31 , 34 , 61 , 185 , 94 , 52 , 102 , 76 , 74 , 24 , 22 , 32 , 30 , 86 , 107 , 54 , 36 , 47 , 91 , 69 , 27 , 51 , 24 , 30 , 42 , 82 , 46 , 73 , 15 , 103 , 131 , 33 , 64 , 13 , 30 , 37 , 20 , 62 , 94 , 55 , 25 , 31 , 35 , 43 , 33 , 12 , 18 , 23 , 28 , 27 , 44 , 49 
MALDIVAS ,126 ,  ,  ,  ,  ,  ,  ,  ,  ,  ,  ,  ,  ,  ,  ,  ,  ,  ,  ,  ,  ,  ,  ,  ,  ,  ,  ,  ,  ,  ,  ,  ,  ,  ,  ,  ,  ,  ,  ,  ,  ,  ,  ,  ,  ,  ,  ,  ,  ,  ,  ,  ,  ,  ,  ,  ,  ,  ,  ,  ,  , 3 , 5 , 23 , 32 , 0 , 3 , 0 , 3 , 0 , 1 , 0 , 6 , 4 , 0 , 2 , 4 , 4 , 0 , 0 , 0 , 0 , 1 , 0 , 7 , 0 , 2 , 2 , 0 , 0 , 0 , 1 , 4 , 0 , 0 , 0 , 19 
MAYNMAR ,1271 , 3 , 1 , 4 , 2 , 4 , 1 , 0 , 9 , 1 ,  ,  ,  , 14 , 0 , 3 , 2 , 14 , 1 , 0 , 0 , 0 , 4 , 1 , 0 , 1 , 0 , 1 , 0 , 30 , 1 , 5 , 2 , 0 , 4 , 1 , 1 , 0 , 0 , 0 , 2 , 2 , 0 , 0 , 14 , 3 , 21 , 0 , 11 , 4 , 25 , 31 , 0 , 22 , 7 , 0 , 1 , 4 , 0 , 5 , 3 , 28 , 25 , 25 , 79 , 10 , 0 , 39 , 17 , 29 , 56 , 9 , 18 , 24 , 7 , 26 , 45 , 0 , 41 , 25 , 59 , 2 , 19 , 67 , 18 , 29 , 21 , 20 , 19 , 28 , 40 , 1 , 23 , 23 , 42 , 49 , 43 
MONGOLIA ,219 , 1 , 1 , 7 , 1 , 1 , 0 , 0 , 0 , 0 ,  ,  ,  , 1 , 6 , 8 , 0 , 1 , 0 , 1 , 0 , 3 , 3 , 1 , 0 , 5 , 1 , 0 , 9 , 1 , 0 , 0 , 7 , 2 , 1 , 0 , 1 , 5 , 1 , 2 , 1 , 0 , 1 , 0 , 0 , 12 , 0 , 0 , 0 , 5 , 6 , 13 , 1 , 1 , 0 , 8 , 5 , 0 , 1 , 0 , 4 , 2 , 1 , 2 , 1 , 5 , 0 , 0 , 4 , 5 , 2 , 3 , 3 , 1 , 26 , 8 , 2 , 2 , 0 , 3 , 3 , 0 , 1 , 1 , 0 , 1 , 0 , 1 , 3 , 0 , 0 , 1 , 1 , 4 , 4 , 0 , 1 
NEPAL ,266 , 3 , 3 , 4 , 2 , 9 , 1 , 3 , 6 , 2 ,  ,  ,  , 2 , 5 , 1 , 1 , 4 , 4 , 1 , 0 , 3 , 1 , 4 , 2 , 1 , 8 , 2 , 2 , 1 , 1 , 3 , 1 , 0 , 0 , 6 , 1 , 6 , 3 , 3 , 1 , 3 , 1 , 1 , 4 , 1 , 6 , 5 , 2 , 2 , 4 , 0 , 14 , 2 , 3 , 3 , 1 , 4 , 2 , 7 , 8 , 5 , 0 , 0 , 0 , 3 , 0 , 2 , 1 , 1 , 3 , 9 , 2 , 6 , 5 , 2 , 4 , 4 , 0 , 1 , 2 , 1 , 4 , 2 , 6 , 2 , 0 , 2 , 3 , 0 , 0 , 1 , 0 , 2 , 1 , 9 , 10 
OTROS PAISES DE ASIA ,6055 , 255 , 290 , 120 , 93 , 59 , 41 , 51 , 50 , 51 ,  ,  ,  , 156 , 303 , 131 , 34 , 58 , 33 , 61 , 47 , 41 , 62 , 69 , 167 , 112 , 306 , 87 , 75 , 69 , 69 , 45 , 56 , 72 , 61 , 90 , 108 , 85 , 57 , 110 , 31 , 15 , 15 , 18 , 20 , 23 , 24 , 47 , 3 , 39 , 47 , 36 , 26 , 32 , 49 , 24 , 32 , 26 , 44 , 41 , 23 , 87 , 51 , 95 , 39 , 42 , 15 , 20 , 14 , 0 , 0 , 2 , 2 , 125 , 83 , 60 , 55 , 20 , 139 , 22 , 33 , 49 , 14 , 77 , 30 , 72 , 311 , 55 , 52 , 89 , 36 , 17 , 44 , 12 , 28 , 30 , 46 
SINGAPUR ,4874 , 83 , 96 , 125 , 90 , 48 , 70 , 55 , 51 , 82 ,  ,  ,  , 95 , 109 , 68 , 50 , 58 , 36 , 49 , 25 , 50 , 62 , 140 , 127 , 68 , 34 , 61 , 49 , 91 , 107 , 35 , 34 , 82 , 40 , 86 , 127 , 68 , 49 , 46 , 41 , 27 , 31 , 18 , 25 , 33 , 33 , 39 , 141 , 49 , 39 , 143 , 57 , 21 , 17 , 43 , 28 , 31 , 52 , 85 , 81 , 42 , 37 , 76 , 27 , 32 , 13 , 25 , 28 , 25 , 48 , 42 , 55 , 40 , 29 , 73 , 61 , 19 , 21 , 17 , 17 , 15 , 11 , 112 , 61 , 56 , 21 , 22 , 28 , 23 , 18 , 13 , 23 , 20 , 25 , 32 , 87 
SRI LANKA ,645 , 5 , 26 , 9 , 3 , 4 , 2 , 2 , 3 , 1 ,  ,  ,  ,  ,  ,  ,  ,  ,  ,  ,  ,  ,  ,  ,  , 5 , 6 , 4 , 3 , 20 , 3 , 4 , 1 , 0 , 0 , 2 , 23 , 5 , 3 , 12 , 5 , 0 , 1 , 0 , 0 , 1 , 3 , 1 , 5 , 17 , 6 , 1 , 18 , 39 , 2 , 4 , 3 , 2 , 3 , 7 , 5 , 3 , 11 , 4 , 13 , 17 , 8 , 4 , 1 , 5 , 29 , 8 , 36 , 21 , 8 , 18 , 12 , 12 , 7 , 5 , 11 , 1 , 10 , 0 , 9 , 5 , 8 , 21 , 11 , 15 , 10 , 10 , 7 , 14 , 3 , 8 , 11 
TAILANDIA ,2957 , 55 , 44 , 91 , 65 , 21 , 31 , 22 , 42 , 24 ,  ,  ,  , 78 , 17 , 56 , 61 , 33 , 17 , 22 , 11 , 25 , 27 , 29 , 47 , 31 , 51 , 8 , 31 , 23 , 24 , 8 , 31 , 41 , 34 , 24 , 35 , 20 , 29 , 46 , 41 , 19 , 25 , 25 , 19 , 20 , 23 , 37 , 49 , 19 , 64 , 34 , 49 , 26 , 8 , 6 , 28 , 28 , 18 , 49 , 27 , 21 , 32 , 37 , 21 , 76 , 27 , 16 , 16 , 10 , 52 , 47 , 50 , 10 , 11 , 24 , 105 , 21 , 43 , 24 , 15 , 62 , 30 , 14 , 43 , 37 , 9 , 26 , 16 , 31 , 4 , 11 , 19 , 16 , 38 , 42 , 33 
TAIWAN ,7738 , 129 , 215 , 225 , 131 , 129 , 92 , 67 , 71 , 60 ,  ,  ,  , 155 , 105 , 281 , 57 , 77 , 41 , 59 , 84 , 50 , 152 , 122 , 135 , 188 , 88 , 169 , 85 , 90 , 34 , 42 , 51 , 85 , 57 , 158 , 89 , 109 , 105 , 271 , 90 , 49 , 60 , 44 , 57 , 54 , 54 , 81 , 138 , 120 , 218 , 171 , 120 , 72 , 40 , 43 , 46 , 36 , 53 , 122 , 115 , 30 , 78 , 29 , 58 , 2 , 8 , 12 , 6 , 14 , 20 , 37 , 46 , 171 , 13 , 35 , 31 , 14 , 45 , 5 , 3 , 7 , 5 , 9 , 34 , 51 , 31 , 46 , 36 , 182 , 7 , 162 , 136 , 438 , 2 , 53 , 41 
VIETNAM ,1078 , 7 , 12 , 11 , 32 , 7 , 9 , 0 , 14 , 5 ,  ,  ,  , 17 , 39 , 4 , 8 , 4 , 5 , 3 , 0 , 4 , 7 , 14 , 20 , 3 , 11 , 9 , 10 , 3 , 13 , 6 , 5 , 26 , 10 , 21 , 5 , 15 , 4 , 10 , 14 , 71 , 16 , 0 , 15 , 123 , 12 , 7 , 6 , 5 , 3 , 10 , 4 , 0 , 1 , 4 , 3 , 4 , 34 , 5 , 1 , 6 , 8 , 8 , 0 , 13 , 45 , 1 , 5 , 18 , 10 , 30 , 8 , 60 , 23 , 11 , 9 , 3 , 1 , 14 , 17 , 23 , 0 , 6 , 11 , 4 , 6 , 0 , 1 , 1 , 2 , 1 , 0 , 4 , 0 , 12 , 6 
MEDIO ORIENTE ,182901 ,5880 ,4199 ,3109 ,1223 ,570 ,384 ,401 ,426 ,709 ,0 ,0 ,0 ,5895 ,5068 ,2780 ,1368 ,952 ,422 ,409 ,398 ,420 ,1392 ,2332 ,4265 ,5205 ,3806 ,2702 ,1363 ,420 ,201 ,318 ,430 ,580 ,787 ,2466 ,4270 ,5369 ,4625 ,3313 ,1495 ,591 ,415 ,487 ,490 ,687 ,1051 ,2438 ,4684 ,5138 ,4440 ,3603 ,1212 ,307 ,296 ,296 ,349 ,552 ,1890 ,2412 ,4330 ,5314 ,3624 ,3377 ,1465 ,543 ,383 ,371 ,386 ,653 ,1045 ,2444 ,4386 ,4904 ,3077 ,2884 ,1439 ,460 ,282 ,378 ,393 ,596 ,1227 ,2380 ,4484 ,3204 ,2333 ,2929 ,1416 ,504 ,651 ,480 ,427 ,724 ,1944 ,2428 ,3746 
AFGANISTAN ,165 , 1 , 1 , 5 , 1 , 1 , 5 , 5 , 13 , 9 ,  ,  ,  , 1 , 0 , 1 , 4 , 1 , 1 , 0 , 0 , 2 , 0 , 1 , 1 ,  ,  ,  ,  ,  ,  ,  ,  ,  ,  ,  ,  , 4 , 1 , 0 , 3 , 0 , 1 , 1 , 0 , 0 , 13 , 2 , 4 ,  ,  ,  ,  ,  ,  ,  ,  ,  ,  ,  ,  , 0 , 2 , 3 , 0 , 2 , 3 , 3 , 0 , 0 , 0 , 16 , 4 , 7 , 5 , 2 , 5 , 2 , 0 , 0 , 5 , 0 , 4 , 0 , 0 , 0 , 5 , 6 , 1 , 1 , 1 , 0 , 3 , 2 , 0 , 1 , 0 
ARABIA SAUDITA ,240 , 2 , 6 , 4 , 8 , 0 , 9 , 0 , 5 , 3 ,  ,  ,  , 2 , 12 , 2 , 3 , 6 , 0 , 1 , 1 , 2 , 8 , 21 , 2 , 7 , 3 , 1 , 0 , 1 , 0 , 0 , 4 , 1 , 2 , 4 , 4 , 1 , 0 , 3 , 1 , 6 , 1 , 7 , 0 , 1 , 1 , 9 , 0 ,  ,  ,  ,  ,  ,  ,  ,  ,  ,  ,  ,  , 0 , 0 , 0 , 1 , 0 , 0 , 4 , 2 , 1 , 0 , 0 , 3 , 3 , 2 , 3 , 3 , 3 , 0 , 11 , 0 , 0 , 1 , 23 , 6 , 0 , 2 , 0 , 2 , 0 , 0 , 8 , 1 , 2 , 4 , 0 , 1 
BAHREIN ,13 ,  ,  ,  ,  ,  ,  ,  ,  ,  ,  ,  ,  ,  ,  ,  ,  ,  ,  ,  ,  ,  ,  ,  ,  ,  ,  ,  ,  ,  ,  ,  ,  ,  ,  ,  ,  ,  ,  ,  ,  ,  ,  ,  ,  ,  ,  ,  ,  ,  ,  ,  ,  ,  ,  ,  ,  ,  ,  ,  ,  , 0 , 1 , 0 , 0 , 1 , 0 , 0 , 0 , 0 , 0 , 0 , 0 , 0 , 0 , 1 , 0 , 1 , 0 , 0 , 0 , 0 , 0 , 0 , 5 , 0 , 0 , 0 , 3 , 0 , 0 , 0 , 0 , 0 , 1 , 0 , 0 
CHIPRE ,555 , 4 , 17 , 3 , 4 , 1 , 5 , 8 , 1 , 4 ,  ,  ,  , 8 , 17 , 10 , 5 , 3 , 9 , 8 , 8 , 5 , 7 , 3 , 7 ,  ,  ,  ,  ,  ,  ,  ,  ,  ,  ,  ,  , 13 , 214 , 23 , 5 , 3 , 9 , 2 , 1 , 3 , 3 , 6 , 12 ,  ,  ,  ,  ,  ,  ,  ,  ,  ,  ,  ,  , 8 , 3 , 2 , 10 , 4 , 4 , 4 , 1 , 1 , 8 , 10 , 6 , 4 , 8 , 2 , 3 , 2 , 1 , 2 , 5 , 7 , 2 , 1 , 3 , 2 , 1 , 1 , 4 , 0 , 0 , 2 , 1 , 0 , 1 , 0 , 11 
EMIRATOS ARABES ,435 , 2 , 5 , 2 , 0 , 2 , 5 , 1 , 0 , 6 ,  ,  ,  , 0 , 3 , 3 , 0 , 0 , 2 , 0 , 2 , 1 , 1 , 2 , 1 , 1 , 3 , 9 , 8 , 15 , 3 , 2 , 0 , 0 , 27 , 7 , 29 , 1 , 1 , 12 , 0 , 0 , 2 , 1 , 0 , 9 , 23 , 9 , 29 , 1 , 1 , 9 , 0 , 0 , 0 , 2 , 3 , 1 , 3 , 11 , 2 , 3 , 2 , 0 , 3 , 2 , 0 , 8 , 2 , 0 , 17 , 79 , 10 , 1 , 14 , 0 , 2 , 4 , 4 , 0 , 0 , 0 , 4 , 0 , 1 , 0 , 1 , 0 , 0 , 0 , 2 , 14 , 0 , 0 , 0 , 0 , 0 
IRAK ,193 ,  ,  ,  ,  ,  ,  ,  ,  ,  ,  ,  ,  ,  ,  ,  ,  ,  ,  ,  ,  ,  ,  ,  ,  , 1 , 0 , 2 , 0 , 0 , 1 , 1 , 0 , 1 , 0 , 2 , 0 , 63 , 0 , 0 , 0 , 0 , 0 , 0 , 1 , 0 , 0 , 1 , 1 ,  ,  ,  ,  ,  ,  ,  ,  ,  ,  ,  ,  , 0 , 1 , 4 , 1 , 4 , 2 , 0 , 0 , 0 , 0 , 0 , 0 , 0 , 5 , 11 , 3 , 0 , 0 , 1 , 1 , 0 , 1 , 69 , 0 , 0 , 1 , 5 , 1 , 0 , 1 , 2 , 3 , 1 , 0 , 0 , 2 
IRAN ,875 , 6 , 6 , 17 , 4 , 9 , 4 , 7 , 3 , 2 ,  ,  ,  , 6 , 3 , 6 , 6 , 3 , 6 , 6 , 6 , 3 , 20 , 6 , 12 , 9 , 2 , 4 , 11 , 5 , 13 , 5 , 8 , 5 , 3 , 12 , 6 , 2 , 8 , 3 , 3 , 6 , 6 , 5 , 5 , 7 , 3 , 5 , 5 , 6 , 4 , 8 , 7 , 3 , 2 , 7 , 8 , 3 , 6 , 11 , 6 , 4 , 33 , 37 , 30 , 39 , 10 , 16 , 3 , 4 , 12 , 6 , 21 , 7 , 28 , 9 , 2 , 4 , 2 , 2 , 4 , 4 , 26 , 0 , 10 , 3 , 8 , 84 , 4 , 8 , 5 , 12 , 63 , 1 , 4 , 7 , 10 
ISRAEL ,165523 , 5481 , 3901 , 2754 , 1052 , 431 , 240 , 277 , 270 , 535 ,  ,  ,  , 5594 , 4641 , 2520 , 1203 , 823 , 308 , 313 , 260 , 328 , 1149 , 2045 , 4026 , 5163 , 3778 , 2650 , 1327 , 381 , 169 , 246 , 416 , 555 , 730 , 2426 , 4205 , 5054 , 4211 , 3052 , 1326 , 440 , 245 , 242 , 400 , 585 , 890 , 2136 , 4436 , 5097 , 4390 , 3572 , 1183 , 288 , 274 , 254 , 310 , 523 , 1836 , 2359 , 4283 , 5084 , 3069 , 2708 , 1151 , 328 , 237 , 246 , 316 , 543 , 773 , 2186 , 4117 , 3945 , 2380 , 2352 , 1163 , 338 , 206 , 243 , 291 , 407 , 936 , 2045 , 4161 , 3067 , 2029 , 2605 , 1293 , 415 , 550 , 273 , 264 , 613 , 1827 , 2252 , 3527 
JORDANIA ,1783 , 24 , 4 , 14 , 3 , 2 , 1 , 4 , 6 , 1 ,  ,  ,  , 7 , 7 , 8 , 4 , 3 , 3 , 2 , 6 , 4 , 8 , 6 , 11 , 5 , 7 , 2 , 0 , 4 , 4 , 3 , 0 , 12 , 6 , 6 , 6 , 9 , 12 , 6 , 3 , 6 , 4 , 4 , 8 , 2 , 3 , 8 , 2 , 8 , 9 , 3 , 6 , 3 , 7 , 6 , 5 , 6 , 37 , 5 , 12 , 3 , 195 , 259 , 37 , 10 , 13 , 2 , 4 , 6 , 5 , 7 , 4 , 353 , 179 , 158 , 30 , 8 , 4 , 1 , 2 , 23 , 59 , 5 , 3 , 16 , 2 , 13 , 1 , 6 , 0 , 3 , 3 , 3 , 1 , 4 , 4 
KUWAIT ,473 , 1 , 3 , 1 , 0 , 0 , 0 , 4 , 2 , 0 ,  ,  ,  , 1 , 8 , 2 , 4 , 3 , 0 , 1 , 0 , 2 , 1 , 0 , 2 , 0 , 0 , 0 , 0 , 0 , 0 , 55 , 0 , 0 , 0 , 0 , 2 ,  ,  ,  ,  ,  ,  ,  ,  ,  ,  ,  ,  ,  ,  ,  ,  ,  ,  ,  ,  ,  ,  ,  ,  , 0 , 1 , 33 , 0 , 1 , 0 , 0 , 1 , 0 , 3 , 0 , 0 , 0 , 223 , 19 , 0 , 0 , 0 , 0 , 0 , 3 , 12 , 17 , 0 , 0 , 4 , 19 , 1 , 1 , 0 , 37 , 6 , 0 , 0 , 0 , 0 
LIBANO ,894 , 15 , 13 , 14 , 8 , 7 , 9 , 7 , 8 , 5 ,  ,  ,  , 11 , 11 , 12 , 12 , 4 , 3 , 6 , 2 , 5 , 8 , 7 , 10 , 10 , 6 , 3 , 11 , 7 , 5 , 2 , 1 , 3 , 13 , 7 , 8 , 7 , 12 , 11 , 4 , 7 , 4 , 3 , 6 , 11 , 11 , 8 , 16 , 10 , 19 , 4 , 10 , 6 , 6 , 12 , 9 , 14 , 1 , 14 , 17 , 13 , 12 , 50 , 26 , 2 , 8 , 12 , 7 , 12 , 13 , 12 , 13 , 8 , 2 , 12 , 11 , 7 , 8 , 5 , 19 , 17 , 7 , 9 , 10 , 12 , 19 , 9 , 7 , 4 , 7 , 9 , 19 , 9 , 9 , 7 , 13 
OMAN ,80 , 11 , 0 , 0 , 0 , 0 , 4 , 0 , 3 , 0 ,  ,  ,  ,  ,  ,  ,  ,  ,  ,  ,  ,  ,  ,  ,  ,  ,  ,  ,  ,  ,  ,  ,  ,  ,  ,  ,  ,  ,  ,  ,  ,  ,  ,  ,  ,  ,  ,  ,  ,  ,  ,  ,  ,  ,  ,  ,  ,  ,  ,  ,  , 0 , 0 , 0 , 1 , 0 , 2 , 0 , 0 , 0 , 0 , 0 , 0 , 1 , 43 , 7 , 0 , 0 , 0 , 0 , 0 , 0 , 0 , 0 , 5 , 0 , 0 , 0 , 0 , 0 , 0 , 1 , 0 , 2 , 0 , 0 , 0 
OTROS PAISES DEL MEDIO ORIENTE ,1033 , 5 , 7 , 3 , 13 , 5 , 5 , 6 , 6 , 3 ,  ,  ,  , 16 , 16 , 5 , 1 , 2 , 2 , 0 , 1 , 1 , 6 , 7 , 17 , 4 , 1 , 4 , 5 , 4 , 1 , 2 , 0 , 2 , 1 , 1 , 7 , 9 , 9 , 6 , 7 , 6 , 2 , 4 , 16 , 1 , 20 , 18 , 5 , 9 , 14 , 5 , 3 , 4 , 4 , 10 , 12 , 3 , 5 , 5 , 5 , 13 , 89 , 22 , 39 , 12 , 4 , 0 , 1 , 1 , 1 , 11 , 11 , 24 , 25 , 22 , 61 , 14 , 20 , 45 , 8 , 72 , 5 , 7 , 39 , 23 , 26 , 8 , 6 , 5 , 6 , 2 , 0 , 4 , 6 , 13 , 47 
PAKISTAN ,1733 , 19 , 13 , 20 , 19 , 15 , 23 , 17 , 20 , 17 ,  ,  ,  , 16 , 25 , 28 , 32 , 28 , 32 , 28 , 19 , 14 , 38 , 21 , 14 ,  ,  ,  ,  ,  ,  ,  ,  ,  ,  ,  ,  , 32 , 26 , 26 , 25 , 36 , 20 , 21 , 21 , 31 , 25 , 19 , 30 ,  ,  ,  ,  ,  ,  ,  ,  ,  ,  ,  ,  , 53 , 24 , 50 , 46 , 32 , 43 , 24 , 8 , 23 , 22 , 25 , 27 , 31 , 11 , 13 , 39 , 20 , 7 , 25 , 15 , 13 , 11 , 30 , 41 , 11 , 22 , 25 , 32 , 27 , 22 , 26 , 28 , 49 , 27 , 28 , 33 
QATAR ,57 ,  ,  ,  ,  ,  ,  ,  ,  ,  ,  ,  ,  ,  ,  ,  ,  ,  ,  ,  ,  ,  ,  ,  ,  , 0 , 0 , 23 , 0 , 3 , 1 , 0 , 0 , 0 , 1 , 0 , 0 ,  ,  ,  ,  ,  ,  ,  ,  ,  ,  ,  ,  ,  ,  ,  ,  ,  ,  ,  ,  ,  ,  ,  ,  , 0 , 0 , 1 , 0 , 0 , 0 , 0 , 0 , 0 , 0 , 0 , 0 , 0 , 12 , 5 , 0 , 0 , 0 , 0 , 0 , 1 , 0 , 0 , 0 , 0 , 0 , 0 , 0 , 1 , 0 , 0 , 7 , 0 , 0 , 2 , 0 
SIRIA ,392 , 9 , 1 , 8 , 3 , 5 , 2 , 4 , 4 , 6 ,  ,  ,  , 6 , 2 , 0 , 2 , 4 , 3 , 1 , 0 , 3 , 0 , 8 , 6 , 5 , 6 , 4 , 1 , 0 , 4 , 2 , 1 , 1 , 4 , 1 , 3 , 4 , 6 , 2 , 4 , 5 , 3 , 0 , 2 , 2 , 1 , 2 , 7 , 7 , 3 , 2 , 3 , 3 , 3 , 5 , 2 , 2 , 2 , 7 , 5 , 5 , 0 , 3 , 10 , 4 , 3 , 5 , 2 , 2 , 3 , 0 , 24 , 3 , 2 , 5 , 4 , 4 , 5 , 2 , 1 , 1 , 4 , 7 , 10 , 2 , 7 , 6 , 7 , 3 , 3 , 49 , 4 , 2 , 2 , 3 , 4 
TURQUIA ,8371 , 300 , 222 , 264 , 108 , 92 , 72 , 61 , 85 , 118 ,  ,  ,  , 227 , 323 , 183 , 92 , 72 , 53 , 43 , 93 , 50 , 146 , 205 , 156 ,  ,  ,  ,  ,  ,  ,  ,  ,  ,  ,  ,  , 170 , 125 , 169 , 114 , 76 , 118 , 197 , 30 , 35 , 58 , 215 , 137 ,  ,  ,  ,  ,  ,  ,  ,  ,  ,  ,  ,  , 128 , 189 , 204 , 104 , 102 , 54 , 47 , 39 , 60 , 188 , 92 , 146 , 490 , 138 , 254 , 111 , 50 , 25 , 40 , 42 , 48 , 151 , 161 , 180 , 67 , 206 , 148 , 54 , 33 , 54 , 42 , 25 , 34 , 51 , 111 , 94 
YEMEN ,86 ,  ,  ,  ,  ,  ,  ,  ,  ,  ,  ,  ,  ,  ,  ,  ,  ,  ,  ,  ,  ,  ,  ,  ,  ,  ,  ,  ,  ,  ,  ,  ,  ,  ,  ,  ,  ,  ,  ,  ,  ,  ,  ,  ,  ,  ,  ,  ,  ,  ,  ,  ,  ,  ,  ,  ,  ,  ,  ,  ,  , 0 , 3 , 1 , 6 , 0 , 0 , 0 , 0 , 0 , 0 , 0 , 0 , 27 , 0 , 9 , 2 , 3 , 0 , 1 , 0 , 0 , 4 , 6 , 10 , 1 , 0 , 0 , 0 , 0 , 0 , 0 , 0 , 2 , 11 , 0 , 0 
OTRA NACIONALIDAD ,10266 ,26 ,19 ,14 ,8 ,12 ,5 ,72 ,54 ,85 ,0 ,0 ,0 ,25 ,4 ,6 ,12 ,3 ,14 ,4 ,9 ,8 ,29 ,23 ,3 ,7 ,3 ,2 ,4 ,1 ,4 ,0 ,2 ,18 ,3 ,2 ,11 ,14 ,4 ,4 ,2 ,13 ,1 ,6 ,1 ,7 ,2 ,3 ,8 ,15 ,67 ,10 ,5 ,3 ,6 ,1 ,11 ,8 ,6 ,3 ,11 ,402 ,275 ,402 ,194 ,74 ,105 ,17 ,3 ,12 ,16 ,2 ,26 ,322 ,642 ,296 ,132 ,110 ,63 ,63 ,159 ,99 ,238 ,313 ,193 ,2157 ,365 ,157 ,244 ,81 ,155 ,200 ,148 ,217 ,732 ,380 ,569 
DESCONOCIDAS ,5405 ,  ,  ,  ,  ,  ,  ,  ,  ,  ,  ,  ,  ,  ,  ,  ,  ,  ,  ,  ,  ,  ,  ,  ,  ,  ,  ,  ,  ,  ,  ,  ,  ,  ,  ,  ,  ,  ,  ,  ,  ,  ,  ,  ,  ,  ,  ,  ,  ,  ,  ,  ,  ,  ,  ,  ,  ,  ,  ,  ,  ,  ,  ,  ,  ,  ,  ,  ,  ,  ,  ,  ,  ,  ,  ,  ,  ,  ,  ,  ,  ,  ,  ,  ,  , 2157 , 365 , 157 , 244 , 81 , 155 , 200 , 148 , 217 , 732 , 380 , 569 
OTROS DEL MUNDO ,4861 , 26 , 19 , 14 , 8 , 12 , 5 , 72 , 54 , 85 ,  ,  ,  , 25 , 4 , 6 , 12 , 3 , 14 , 4 , 9 , 8 , 29 , 23 , 3 , 7 , 3 , 2 , 4 , 1 , 4 , 0 , 2 , 18 , 3 , 2 , 11 , 14 , 4 , 4 , 2 , 13 , 1 , 6 , 1 , 7 , 2 , 3 , 8 , 15 , 67 , 10 , 5 , 3 , 6 , 1 , 11 , 8 , 6 , 3 , 11 , 402 , 275 , 402 , 194 , 74 , 105 , 17 , 3 , 12 , 16 , 2 , 26 , 322 , 642 , 296 , 132 , 110 , 63 , 63 , 159 , 99 , 238 , 313 , 193 ,  ,  ,  ,  ,  ,  ,  ,  ,  ,  ,  ,  


